textID,sentiment
1ecb27d443,neutral
8def14ecb6,neutral
d8ab6dfc33,neutral
a40a9840b0,neutral
9fd06d16fa,neutral
a2e05185c6,neutral
4dc7327dd8,neutral
a8c7169a40,neutral
f3ac3b70a5,neutral
7225190154,neutral
90b04358f6,neutral
4eab89615d,neutral
d23b3d8a0f,neutral
5c618e0858,neutral
ebe8f8516d,neutral
a0778509a0,neutral
3796daa7e7,neutral
3c7d3bb4f7,neutral
a540dbe145,neutral
9c825ecb4b,neutral
da416376a5,neutral
1bc5ee4931,neutral
476f9b7220,neutral
f66476d213,neutral
5d76ce377a,neutral
f4b9c3b066,neutral
0fdd17f7d9,neutral
8a60acff0f,neutral
078af0dd16,neutral
0236a31bb0,neutral
4c29c2a392,neutral
39f65ac179,neutral
261e064dd4,neutral
f0484a0f8a,neutral
7096e797f5,neutral
88df00353c,neutral
19be734f43,neutral
56a6f83cff,neutral
d7a6c26e66,neutral
e3f761b95c,neutral
26e4fa628a,neutral
c8c3ef8aaf,neutral
9f99fb6260,neutral
75d3edbeda,neutral
8afddd5ed6,neutral
19c8924b58,neutral
e182fdf4a2,neutral
dfa12a52eb,neutral
dc1a833e52,neutral
e039645e4d,neutral
8b27dab7ed,neutral
b507cce1a4,neutral
23186e73f2,neutral
7b10fe51a5,neutral
24899d5bc7,neutral
84ecc180c2,neutral
2a708c3485,neutral
04b61330dc,neutral
3dab5c659c,neutral
26b7bd0e04,neutral
6bb61f0267,neutral
c774e791ab,neutral
cbf87fcd46,neutral
6712b0174e,neutral
09a7ff07ee,neutral
80f12a2f56,neutral
d2edadaabd,neutral
77c01f0add,neutral
7972133a6e,neutral
3daa9bf925,neutral
3d465939ee,neutral
a1898e44e9,neutral
08975f62a8,neutral
fee2d997a9,neutral
393519d754,neutral
05dd709038,neutral
8b89deb1b6,neutral
c2f663dfcd,neutral
b988be367b,neutral
1613b8b2d7,neutral
05ee6aa24e,neutral
021f8be6b0,neutral
41341f5395,neutral
f6f31ebdcf,neutral
3e3d67efc2,neutral
b68026044b,neutral
44118d01e8,neutral
258ed281c7,neutral
3961e6973d,neutral
2c8ee886ae,neutral
0043706e88,neutral
c6a48bcc9c,neutral
bd36808ea3,neutral
39348df004,neutral
1cbfa82e04,neutral
4b6f08e92c,neutral
876ac096ec,neutral
ef3ebe4b6e,neutral
ff41981fe4,neutral
c0db8835a5,neutral
5b743fcc17,neutral
3f4869a702,neutral
7280188899,neutral
e836da8cd9,neutral
a002383b5b,neutral
b2ac8c9fcc,neutral
b1b8c03333,neutral
5f3bde3bf7,neutral
0274567d50,neutral
6e8a9b822b,neutral
c7d93aef38,neutral
8acbf01666,neutral
0a0e9b1035,neutral
c35f392086,neutral
bc37aeaa2f,neutral
823122597e,neutral
e9e8135cc5,neutral
4e6f5b65ae,neutral
0432e21a96,neutral
bbcd836382,neutral
642b5ea30e,neutral
567eaf266e,neutral
1fdbac152f,neutral
43e6d9aeaa,neutral
c28465b668,neutral
30ea165391,neutral
6e376214e9,neutral
eae55ee415,neutral
5f166baecc,neutral
4e1fc4b289,neutral
354b590f3f,neutral
467593cbb0,neutral
b154e83354,neutral
6176e2488c,neutral
9590e14088,neutral
e9d758a224,neutral
22a3156283,neutral
3d5c1ed21b,neutral
5a64f84f9c,neutral
b154ec432c,neutral
2bdcb46ef4,neutral
d16ffd65a6,neutral
5f44c39180,neutral
39ca6c87a2,neutral
2b8f8b26cf,neutral
cede4f9185,neutral
84477ead41,neutral
b931353754,neutral
374384a4dc,neutral
3338b13120,neutral
de75916180,neutral
72b3655419,neutral
e216faca02,neutral
62f3074724,neutral
16baf95861,neutral
aeb55e479d,neutral
cdcaac066e,neutral
96f3999235,neutral
71e55a0300,neutral
906a96d74e,neutral
1382929e20,neutral
4f45d9a670,neutral
03ff47fda6,neutral
4d45cf5931,neutral
6f7235f0ab,neutral
42fd06c66b,neutral
0de7050311,neutral
65a56799b9,neutral
3a174147aa,neutral
f41ad69adf,neutral
e4fd99e835,neutral
baaf138c58,neutral
01fb6a1ad7,neutral
5733c8453b,neutral
7f8ceb5336,neutral
aa91d27145,neutral
ff1462ff46,neutral
4273b2b1c3,neutral
8fc8d9bd09,neutral
73161cbf0d,neutral
cde664a518,neutral
eb4da39f39,neutral
6bb974430e,neutral
05f8b149b4,neutral
a119b51e33,neutral
bc2f4ee602,neutral
cb9b52e9be,neutral
a231d7864b,neutral
d2eeeccabc,neutral
7f3951027f,neutral
9bc88bd949,neutral
c501e02cab,neutral
18ed98243c,neutral
21f33ed71b,neutral
1d88f35dd5,neutral
319be36319,neutral
1f581d48bc,neutral
62e1a784c5,neutral
6f8bd2c26d,neutral
f7e80a4d74,neutral
723b812315,neutral
f020cc1ecd,neutral
0713530017,neutral
6a5ec7efd8,neutral
42ee0e4339,neutral
6eaf827d88,neutral
cfedf94a53,neutral
5755368f30,neutral
c92c8cfb15,neutral
dcb8c622d6,neutral
de40356564,neutral
35182a84b6,neutral
dfb67f9f58,neutral
3fe390dcc1,neutral
c155efab1b,neutral
870c815228,neutral
aaf0bbf7c8,neutral
d978b7f334,neutral
4efc551b0f,neutral
76cec7d4ba,neutral
ba56c535a2,neutral
e4ccfc501b,neutral
972107b366,neutral
cc4564d473,neutral
e6dd04089e,neutral
f5190367e2,neutral
f9a95043ae,neutral
7e8b34de71,neutral
1e17b77d6e,neutral
08763cf8ee,neutral
acb83ea44e,neutral
ec63552551,neutral
e7b3960fa3,neutral
1ae1b5606d,neutral
fc8efe7e13,neutral
49b741fc13,neutral
22766a7e2b,neutral
29d7104494,neutral
522f3ee2ae,neutral
89e4eed832,neutral
bf73147031,neutral
0f25882584,neutral
d19ddcc745,neutral
f25010df3a,neutral
64810cb721,neutral
ebc1f6727e,neutral
02006e6e62,neutral
db359564ad,neutral
eadfbc1b72,neutral
cb2f97dc53,neutral
7457fa9f77,neutral
09227d0ba4,neutral
0acb5a4bae,neutral
48b41c2f95,neutral
5db94b9b63,neutral
87aa7c3315,neutral
ef389b4d71,neutral
5bfc188fd2,neutral
f490685a78,neutral
4f70a97969,neutral
17e600f3b6,neutral
1e9b8bf9fd,neutral
36bee46d4b,neutral
8169af7ee4,neutral
9499e34212,neutral
571e73326c,neutral
3ba9084efe,neutral
ce73b46b90,neutral
d18637ad68,neutral
e651a2a287,neutral
231f663202,neutral
fd725c1a36,neutral
95a6c29dc3,neutral
48fbbeab77,neutral
86b7715bfb,neutral
82630c2e15,neutral
eaeef48b7c,neutral
6e34e9c28a,neutral
87d43edc49,neutral
08849ca222,neutral
c3eb547008,neutral
2836821bce,neutral
b751f39570,neutral
39b5691a32,neutral
89f565c172,neutral
e0cd486f0f,neutral
2d5d4bf6ed,neutral
be0a927a80,neutral
1a35c1eb9f,neutral
0092c21828,neutral
0aa1791075,neutral
bee59bb7d2,neutral
3a3a1e1f1e,neutral
c3e9745d8d,neutral
37b9a91393,neutral
6b2733b1a6,neutral
f016774208,neutral
09ecc10f84,neutral
4598e31e32,neutral
fac523c9bc,neutral
2fb2fc139e,neutral
1fbde4de35,neutral
e9f642e50a,neutral
d4a80999ef,neutral
1ec241a035,neutral
60da5f7f30,neutral
dc5c8ff513,neutral
6b2dc78496,neutral
9cba8bf464,neutral
47ec7c77de,neutral
a0fc51cb4d,neutral
2e850a4143,neutral
8427060c30,neutral
040d1d9dcb,neutral
132e051fe8,neutral
f94af8cb85,neutral
dbb41be912,neutral
d2ed2233e0,neutral
c5fa126423,neutral
61ee079ba5,neutral
c6e226f30f,neutral
0d5009477c,neutral
b034d03e50,neutral
b91963e312,neutral
2831a7717b,neutral
9413368866,neutral
143e8aebc4,neutral
9bf583dd17,neutral
32b2610c63,neutral
1fc4902f30,neutral
f0c5be2158,neutral
dffeaa7330,neutral
ec9bce02a9,neutral
63fd0bc986,neutral
4d352ca9b1,neutral
f1c97d5bcb,neutral
48d27a58fe,neutral
4a0d92c598,neutral
98949b1fd7,neutral
5d470d3192,neutral
ae4860dc68,neutral
71c9975b09,neutral
de99f08494,neutral
4c1897aa51,neutral
6cb043762e,neutral
d352c8ec75,neutral
6ecab08a38,neutral
d25a8b5b1d,neutral
a6e6bb3154,neutral
25bb13b1ee,neutral
860b2bb70c,neutral
48d1c69d94,neutral
bb42a3cf44,neutral
4eedf0a785,neutral
92d7bd54cf,neutral
2736c303b4,neutral
0a7ecfa4a8,neutral
5c3d9c52f6,neutral
1fd542d088,neutral
10da8bef28,neutral
9266858b0e,neutral
e04e0b8a0e,neutral
db07e1c8f2,neutral
d10dc5c41e,neutral
f4622e59e3,neutral
32bb7b3961,neutral
19cc8138fd,neutral
e42f22608c,neutral
f69a80cc7e,neutral
40a90f23cd,neutral
a4d98fb60a,neutral
855dc31191,neutral
f8ce4ba6de,neutral
0d550ad6fc,neutral
eda9b67235,neutral
654de96a93,neutral
6499546bea,neutral
e3875aa924,neutral
60297b1b97,neutral
2cf37fe920,neutral
501ae0d4e7,neutral
c0aee991a0,neutral
d388f4b3e6,neutral
e7ec3be194,neutral
d218dfd8ef,neutral
c991df8cad,neutral
cfb0ab06b2,neutral
897025f513,neutral
4bce2313f4,neutral
3c664be4e8,neutral
4344cafbdc,neutral
7bb43eca18,neutral
83f805343a,neutral
d965ea7618,neutral
e7bc4034ab,neutral
ceb202ddff,neutral
5715e8a9ae,neutral
21cf770e43,neutral
8ca499152a,neutral
491fcc6675,neutral
7e6d76988f,neutral
a1734e91fd,neutral
1adf377451,neutral
0f53f62956,neutral
41fd07f670,neutral
3e9b8995b8,neutral
cc0bc2a05d,neutral
96dd04d348,neutral
4c8db3926d,neutral
297bc17467,neutral
6ce07361fa,neutral
59e3ebdcb5,neutral
0995e44a56,neutral
dd666c5cbe,neutral
200ffd4c5a,neutral
ffe6fab196,neutral
739f26f87c,neutral
76390ef87f,neutral
1e83aba60f,neutral
168216a4a6,neutral
f4f97d8289,neutral
8f041fea93,neutral
c8113641f4,neutral
754dbc1251,neutral
23bd2618df,neutral
771d1dbc22,neutral
cc5a4ab96a,neutral
d6d78b7097,neutral
ba0fa7443e,neutral
69ee002874,neutral
436b24fc93,neutral
79d78251ef,neutral
2a0af521de,neutral
670bf744cd,neutral
ec4e7f6aba,neutral
562deae4f8,neutral
02b39987e9,neutral
8db855e309,neutral
9f2e24129d,neutral
0ae607ab07,neutral
50f6c44b92,neutral
1159cf1bcf,neutral
f8b32c4484,neutral
97af309513,neutral
cf023b846b,neutral
e99c1276cf,neutral
7d0aa849f1,neutral
d7260aaf20,neutral
63ef622fd7,neutral
a341b1ab46,neutral
4ce121e2ad,neutral
6b3c5d881b,neutral
f305375e9a,neutral
37b3bf9cb2,neutral
4e15d840bf,neutral
216703ba65,neutral
931fdca6ea,neutral
38869d15ef,neutral
5e4320f4a5,neutral
a8b73cf5d5,neutral
bc931b2e59,neutral
0330f844bd,neutral
2f3ff51870,neutral
53a59e7a7f,neutral
52712c7aef,neutral
6001d8d7ec,neutral
4d586d5ca8,neutral
ea086d4cfa,neutral
f8fc5fe63c,neutral
4714a183be,neutral
98ee2a131a,neutral
d31f708485,neutral
05a1304b53,neutral
f69065d1c0,neutral
cf80e6a4e0,neutral
ca5909d8ea,neutral
3139ac78db,neutral
0194327888,neutral
88d10c8ddc,neutral
05f31579f2,neutral
79931bd7a5,neutral
7c843939bb,neutral
1251b166af,neutral
74eb9eb872,neutral
4da3756f54,neutral
634ce8816e,neutral
589bb8f7e3,neutral
3f33b8fd3e,neutral
728d3d59d4,neutral
86d15f120f,neutral
0c7904536d,neutral
da8fa808d3,neutral
6d9316c18f,neutral
3fd1057ee4,neutral
0beb972c15,neutral
49ff747ca1,neutral
e864dc53b4,neutral
c30043dfc4,neutral
b01c96b216,neutral
3892687f15,neutral
d445bf6b98,neutral
8db4d80318,neutral
46de360d09,neutral
d078973de5,neutral
a53bc356c2,neutral
bb5ff3110a,neutral
df5c825929,neutral
cf30a8df0a,neutral
06a80bb433,neutral
b1e9db3db7,neutral
e7659fc837,neutral
023adc9806,neutral
1d568e14ea,neutral
bd19a4260b,neutral
044d652e38,neutral
7a73386700,neutral
b87171a4f1,neutral
33210a71bb,neutral
28e1248932,neutral
5b1be33775,neutral
a34bf825fc,neutral
fd68fb4b55,neutral
e07b4a40d1,neutral
4e85f6e9b0,neutral
cd74b1835d,neutral
23ec28e7d0,neutral
15102b0d69,neutral
ce1e980a78,neutral
bc3595417d,neutral
12456985b1,neutral
c7e58ae69b,neutral
d3031fc98d,neutral
c710c2fc6e,neutral
f7bb505276,neutral
75357bd8dc,neutral
d2da9db0e5,neutral
d2a221697e,neutral
5dbc76b885,neutral
2b8089a5ed,neutral
11784322cf,neutral
d9107173c4,neutral
f759c898a2,neutral
36265d722a,neutral
7406292103,neutral
756a6abdba,neutral
181bc1ee99,neutral
e75cfcc49a,neutral
9669c928b7,neutral
8cbb0f4bc1,neutral
3287f9c15b,neutral
89e3307aa8,neutral
9afda201ce,neutral
ab4a849f72,neutral
241a132a38,neutral
84e69a3f34,neutral
ef8f79cae3,neutral
5048e11fbe,neutral
cab560fece,neutral
a348aea018,neutral
f9c91c5edc,neutral
a25ea87900,neutral
8223259736,neutral
dce3164dda,neutral
5c3831e16a,neutral
5f5ef8ac14,neutral
95809b0b7b,neutral
bd856e42b1,neutral
23e1f7dca4,neutral
5db4f576b6,neutral
c29e6cf197,neutral
9e047ed52a,neutral
6ad26f4e0d,neutral
fdf1b79e65,neutral
1a1bbddc5d,neutral
842953e8a8,neutral
52460306f4,neutral
1317531567,neutral
533b05f261,neutral
99d787d063,neutral
885441d874,neutral
a7fc7285a0,neutral
4d576567c0,neutral
f54e05ae8a,neutral
d87e30dadb,neutral
faac0eff26,neutral
6206b9e0ed,neutral
0f03d180b7,neutral
515e62397d,neutral
5b88ed7d49,neutral
6cd11d3484,neutral
88bbaf18a1,neutral
6ce851a2c0,neutral
4c7465d015,neutral
6fe5e54415,neutral
78a714e8bb,neutral
be3e08e2da,neutral
8adbbd33e9,neutral
2c3ef296fd,neutral
2602539701,neutral
f2c63f0036,neutral
3766439f81,neutral
c0716fb4a6,neutral
bfd9acc676,neutral
f433a31196,neutral
4b38f22fb7,neutral
b56c2694a7,neutral
56d87a6494,neutral
7a20787e73,neutral
7a02ca882d,neutral
f7c173a4f3,neutral
58b8194458,neutral
cb1b8ec90f,neutral
7f91178253,neutral
709df6a4e7,neutral
013043510c,neutral
91638a406f,neutral
edec74f889,neutral
c975b2b6d1,neutral
54db2ebee1,neutral
67cc48a34f,neutral
887cb446b4,neutral
55f3aa08a3,neutral
4be4e6de30,neutral
5751380d23,neutral
3e6b71fda4,neutral
fd37d39203,neutral
21ceb02403,neutral
2a8c3e6b51,neutral
bf9d84d678,neutral
fe8205bc15,neutral
c345916798,neutral
7b9faf935b,neutral
e738f6af0b,neutral
748b7f7654,neutral
add398ab57,neutral
fa78beca22,neutral
29482e6966,neutral
28e4ce73b7,neutral
743b62f788,neutral
13f56e9956,neutral
a881027b76,neutral
bbd9c7c9c5,neutral
9ba59ca56d,neutral
26cce7097f,neutral
89fc963188,neutral
7ba2bb1561,neutral
59de82ec28,neutral
dfcdcead66,neutral
066a730dbc,neutral
6ba0ee49b6,neutral
c9d53a9127,neutral
b475878ee8,neutral
fda8c135e5,neutral
cb4ca6a513,neutral
18f560f57b,neutral
0ebbfb4261,neutral
01c6e1adf4,neutral
95c725edb6,neutral
4003ac8a4f,neutral
1d4e4eaeae,neutral
17b920af1c,neutral
02410922ff,neutral
9c115b6fac,neutral
05d9f83c67,neutral
41780fcc9c,neutral
4012a68842,neutral
a4ca62632d,neutral
8ebf97bf78,neutral
babb367967,neutral
b5003ad333,neutral
c1885fae62,neutral
900c3636cb,neutral
8e0a0ffbe1,neutral
25aa6711e2,neutral
be792705ff,neutral
6e2501758d,neutral
e0b23e49c6,neutral
a13175162b,neutral
7c2f873a41,neutral
bf123fdd66,neutral
aca65143ab,neutral
9986499587,neutral
c7a8ba6ed4,neutral
7b433441fc,neutral
d11c476468,neutral
b3c94a2af3,neutral
0da090c332,neutral
0c55426e67,neutral
185a9be434,neutral
59ec2945d5,neutral
a53c829bee,neutral
07c6f766e3,neutral
863edfea8b,neutral
6babb54cc5,neutral
ec895c12a3,neutral
d2bfcc0f02,neutral
ef8f97debb,neutral
e6620d2d33,neutral
24d4fa8e2b,neutral
5ddd874f83,neutral
3e288df43d,neutral
8b3f4dcfa7,neutral
667408fa8b,neutral
d91a78658e,neutral
8d6fb4185c,neutral
b3d6d863f5,neutral
fdfe12a800,neutral
b9d9d64cc5,neutral
7f69a1e5e6,neutral
324dc23455,neutral
c086d6e230,neutral
266a175c94,neutral
abad0bb1d5,neutral
97f1c24d27,neutral
13f981fa30,neutral
2e21b2daea,neutral
e4f79c7707,neutral
5394086c7e,neutral
0b881e379e,neutral
0e0fdad9a6,neutral
6e2d870af2,neutral
677ee39a64,neutral
d620074a4d,neutral
d5701ace41,neutral
9801d078d0,neutral
7047ab2830,neutral
a32ab39ff6,neutral
1df4a18f20,neutral
7f808f9e05,neutral
4e3e3b7dfc,neutral
b0b69a88b8,neutral
ccecc5e63b,neutral
6d260d19cd,neutral
5eabb3139b,neutral
24969fb071,neutral
31d614d03e,neutral
cf7297c0a4,neutral
1f1c6455f4,neutral
d176c09459,neutral
97ea0541cd,neutral
7fbc575d36,neutral
7227bce3f8,neutral
05c19e3bde,neutral
27a14b89c3,neutral
2dde2785c7,neutral
abbd0db2a5,neutral
a9ebd5a36c,neutral
631d6219e9,neutral
5b65d15956,neutral
9a41081b40,neutral
ccc67bee0b,neutral
c55acd7f61,neutral
a275019a52,neutral
c25754e9ba,neutral
89fe24a49a,neutral
7fb66b3ad5,neutral
1121c78b0c,neutral
d7c12af170,neutral
95033b6de1,neutral
9f38b5e487,neutral
793705ea90,neutral
dcb07389f8,neutral
d306f01186,neutral
0ab4ad43c8,neutral
3a1ff015f6,neutral
63fec8932a,neutral
c7e80bd6e1,neutral
d883e319bd,neutral
ccadc7885d,neutral
51b5526327,neutral
a1fc050e50,neutral
196dbfc937,neutral
cfbdec51c4,neutral
9a2ba41cb3,neutral
93acb731c3,neutral
cebf72f0dc,neutral
7bb5959eac,neutral
bec37a7c92,neutral
56afa0cc2a,neutral
702a8535a5,neutral
0a60343f49,neutral
054bf4b3c5,neutral
5f7c41e2af,neutral
535cf4afd1,neutral
e6305a23b2,neutral
6b2443cafe,neutral
49d2c6aa7b,neutral
5a64bba465,neutral
57599d3686,neutral
9083a50db0,neutral
004eb1e239,neutral
bf6bc50126,neutral
5714d6ed93,neutral
5ea2dc2ec0,neutral
58b4ad0a18,neutral
83f9afe969,neutral
15d527d485,neutral
9c8e56c60a,neutral
f09d561cf2,neutral
98daed54c8,neutral
43112b250b,neutral
9dd013a94b,neutral
8964a7361a,neutral
d172a626ff,neutral
57e8b90fc7,neutral
8eb3f2208d,neutral
a8d58cc661,neutral
7d59c522ee,neutral
8f8f3ed38c,neutral
d178e9718d,neutral
b2bfbf4557,neutral
9fb39d3c8c,neutral
1939525eec,neutral
804cf4d6f4,neutral
2a9874434e,neutral
5889cd0fbb,neutral
76f29e1afa,neutral
db103c86f6,neutral
81b4bdfe51,neutral
64f91449b7,neutral
47b8dd8456,neutral
b866aecd19,neutral
87b89f122e,neutral
5752133fc3,neutral
b5b51f8ca5,neutral
958adfa14f,neutral
5ef6cb9505,neutral
0e0ea93f6e,neutral
a717aca8f5,neutral
393c3d5c7a,neutral
fd0d55b94d,neutral
2fd2b15c10,neutral
eeda31dd3e,neutral
8ac971a53e,neutral
c9498178ca,neutral
29174d967f,neutral
06712e65d6,neutral
b89af87662,neutral
548556fb49,neutral
bca03c7d06,neutral
9655b72897,neutral
a4191a25c3,neutral
2381c40431,neutral
9e55909005,neutral
b7e7e6fcbf,neutral
43a24526f5,neutral
d207933125,neutral
8e5bc8627a,neutral
54ea13a753,neutral
c4680cbabe,neutral
b60e0550cd,neutral
a6c5ca1cc5,neutral
b642906cab,neutral
812f9f7dd1,neutral
3578ec042e,neutral
560f8abb1c,neutral
5dac77c4b2,neutral
f85f538616,neutral
0d9c44bc7b,neutral
6e0c6d75b1,neutral
5dc49c6fac,neutral
31778724a1,neutral
e232412ae5,neutral
491eed2fe4,neutral
499d3f6815,neutral
6280e77d0e,neutral
23a7bb0d83,neutral
cc12d15597,neutral
c8bcfff762,neutral
d73a953322,neutral
4915c34def,neutral
577471b115,neutral
b69d9e539d,neutral
ab609af607,neutral
812cf4be19,neutral
f51b8cdb82,neutral
2d38fc1c25,neutral
478bab6370,neutral
b81723c6ee,neutral
02aaecbc9c,neutral
2b0eeec3d3,neutral
c841a7ad93,neutral
5457cc8444,neutral
8109f290a4,neutral
5a24827c24,neutral
c1cf043c84,neutral
bc2b74c6d7,neutral
43708cfaf0,neutral
b70b425ce7,neutral
400b9a2739,neutral
b860826fd9,neutral
e0a172bc68,neutral
bd69aed8f7,neutral
9e951e5565,neutral
becc5e7874,neutral
1be3837ac6,neutral
0569c90a22,neutral
9d2a2a10f9,neutral
873faae537,neutral
8e13f7c528,neutral
ce5c7c3e37,neutral
413dfb9c20,neutral
a2f6c5cca9,neutral
e1c1201fbf,neutral
60684c8cf0,neutral
9540dad916,neutral
ba9f75c8be,neutral
248497cbac,neutral
2304b6a26b,neutral
fc25dd2f31,neutral
dd347b56a1,neutral
59fa0bb3bf,neutral
217f8990f6,neutral
b730e95543,neutral
7e35fbd3cd,neutral
a78ef3e0d0,neutral
2a9acf4c37,neutral
e728bbb957,neutral
336d2bfa0c,neutral
4574ee1464,neutral
b13fd5a164,neutral
f782648201,neutral
f2737e9c15,neutral
e7de0750f9,neutral
daac9b8406,neutral
9bce9d9178,neutral
c10f52f160,neutral
fa6d581997,neutral
28b224abab,neutral
465a0bc799,neutral
77b290dd59,neutral
af0ac6b470,neutral
71f03d8cd3,neutral
dcf1e95b1c,neutral
7116b24d78,neutral
b8285a075a,neutral
503f1540e8,neutral
c814365bee,neutral
63642e38b4,neutral
c62590abcd,neutral
ccb2f88d9a,neutral
b4fa2d20e4,neutral
a1f6095799,neutral
691f395bee,neutral
fba62df79b,neutral
eab1c2c64e,neutral
72e3305a2f,neutral
39669e45bd,neutral
17e119548f,neutral
4148a10b84,neutral
a0d93a9442,neutral
7a341d71fe,neutral
4bec049334,neutral
b1f68dc810,neutral
aee14b9638,neutral
354f35b0ba,neutral
61306b5f1e,neutral
eedb7abe3c,neutral
bc210897e0,neutral
9fa592037c,neutral
db122f85bd,neutral
c19de2c75b,neutral
b435126470,neutral
49ec6f804d,neutral
5a3a27dd6d,neutral
22195b1d09,neutral
924d2c7453,neutral
d2a134423f,neutral
3261fbf191,neutral
f314c3640b,neutral
195157e55e,neutral
bd38d58f43,neutral
3d03953cdb,neutral
2485ca29ee,neutral
09092e7e81,neutral
4642bda024,neutral
224211de86,neutral
e3c06febb9,neutral
3745be2d1b,neutral
95e45aae67,neutral
62ba17ea78,neutral
969365e841,neutral
f14d0140f1,neutral
738cc3e94f,neutral
c96c82bebb,neutral
1343254dd6,neutral
ef5d5a51f8,neutral
d03b2a8c76,neutral
f98a82bfa2,neutral
0b31b2a7ec,neutral
2516254729,neutral
5aebe0615c,neutral
cd8f6b6103,neutral
90fedd468f,neutral
ff0d8560af,neutral
064802c378,neutral
ffac07a79d,neutral
8d623622d0,neutral
ad038d02b2,neutral
1dbe478001,neutral
4d6e71e475,neutral
6b3295ea7c,neutral
7a6dd87e61,neutral
ab8d041ff7,neutral
962855074a,neutral
92dbb764e9,neutral
77132d49aa,neutral
2320ce957b,neutral
6860400eac,neutral
84b84a992f,neutral
50356857dc,neutral
52ffcf363d,neutral
55a69c1bfe,neutral
a474238f03,neutral
8feb90f81c,neutral
2d16f3c07c,neutral
37ed7e29d6,neutral
320d909cf7,neutral
c2a4c6c3f2,neutral
2c53b00144,neutral
b7ba642946,neutral
9009cd3ede,neutral
cdbe4df131,neutral
d723ea3299,neutral
aa06c3a9f0,neutral
151d27a5ea,neutral
5d80bf1e55,neutral
c2918e50b1,neutral
6a3d85c9ad,neutral
9b0d10c5b9,neutral
3aa7b273df,neutral
63f54db105,neutral
10700d7927,neutral
86330a1846,neutral
49c2233fd0,neutral
a34d594f42,neutral
ba786311f9,neutral
43441faed9,neutral
2634d4c2f6,neutral
3eee471b9f,neutral
9578cd7fe3,neutral
3aa78c3e94,neutral
20314ef0ab,neutral
312cd9c009,neutral
868f498a67,neutral
d4099e92e6,neutral
c191ad4ddd,neutral
6cd5fb5782,neutral
b036980390,neutral
fcda550d6b,neutral
909c58c494,neutral
6d2f7706c3,neutral
9ff9a80b63,neutral
efaaf8f9dc,neutral
7a544bc016,neutral
ea95be8d33,neutral
4641062e9d,neutral
8fe0df98e3,neutral
59760341f9,neutral
db96a9611e,neutral
8e1a36c2f7,neutral
2762b6624b,neutral
042b4f8784,neutral
29ffd15818,neutral
876c315516,neutral
7e712d4496,neutral
58fc1eeef3,neutral
8224b45279,neutral
ece2b988f1,neutral
48b10eaac4,neutral
1d071c2226,neutral
a60aef7c1b,neutral
078b6686ea,neutral
3f4e952c3c,neutral
a5bb6228cc,neutral
b732cd6641,neutral
48b76ce5f4,neutral
c3d279cda8,neutral
e1f5989997,neutral
6d67a97c4d,neutral
ddc208fbff,neutral
1597b9831b,neutral
c47421facf,neutral
729b96d486,neutral
f1660e689c,neutral
da6549f668,neutral
95a9870181,neutral
ccf70b3841,neutral
69ddcd6dfb,neutral
a357e314cd,neutral
7cadd0a40d,neutral
cdb6743e92,neutral
242fabeab4,neutral
153ca0e3c3,neutral
4dcd538cc3,neutral
6a6665242c,neutral
cb60a0d946,neutral
8140f3d608,neutral
f01932eb73,neutral
900c5f5082,neutral
be7eb6d1e6,neutral
492306caf1,neutral
6891b6a593,neutral
9f51c335d0,neutral
fdadb26d49,neutral
578ec67a68,neutral
ddbdb89b1b,neutral
760c4e9790,neutral
911670511d,neutral
5a086658b0,neutral
430095620f,neutral
a724e66bd0,neutral
ce54016d40,neutral
120b400e8f,neutral
5d5c35a880,neutral
285ee8574d,neutral
02ed1e6556,neutral
2c614b8bed,neutral
887afb0d2f,neutral
cb64f6d942,neutral
637284bd7c,neutral
34a47b5674,neutral
902670de2f,neutral
f0a9a55b94,neutral
fcc9210884,neutral
0f361614b7,neutral
37a4fd00f6,neutral
e69734c1de,neutral
d5655b6b30,neutral
c60a403476,neutral
85b7cf8a0f,neutral
d3f0c48744,neutral
119b073916,neutral
8d6762c050,neutral
e97d6bd4ab,neutral
135118b833,neutral
3e424c5670,neutral
dd215a071a,neutral
44d6fb791a,neutral
c4f9792d55,neutral
126aa22396,neutral
f2fda0303d,neutral
4f2bece79d,neutral
124848e01c,neutral
5e7bd5379c,neutral
f93cc42240,neutral
581a32fdf6,neutral
7323f7136b,neutral
9637558503,neutral
6675f9536d,neutral
92d7aaf05a,neutral
edd2aceb1c,neutral
4486f18f71,neutral
a44a46524f,neutral
5bcaf5aa9f,neutral
c8939e589b,neutral
c341d742b0,neutral
5552d4fffb,neutral
1bc2be7173,neutral
2dec83989c,neutral
add3a63b8a,neutral
7a18d9d260,neutral
a3f50ce6ea,neutral
7814b04bd9,neutral
303ccaa660,neutral
936fd9b728,neutral
96d4adf794,neutral
d9c8a56a24,neutral
e6d4c50e89,neutral
6f93fe06ce,neutral
a34556d35f,neutral
7d2ea67b66,neutral
6d72077a93,neutral
6af2e23e1c,neutral
6de43d0ce5,neutral
ab1061aa7b,neutral
ddc170fe0a,neutral
1ab3877a8c,neutral
b7c00f3a76,neutral
bde2b0df21,neutral
f2240006f4,neutral
75f1db00ca,neutral
5003cc704f,neutral
35e24f0ea7,neutral
13e1519ce3,neutral
c3f28c34c6,neutral
11fff26b21,neutral
c2455ce40d,neutral
629a6891db,neutral
0d33871c93,neutral
d289b59f3c,neutral
8da6a35478,neutral
6bafcadb49,neutral
0e072d86eb,neutral
988f750019,neutral
e9b989afae,neutral
fc8e368a72,neutral
1458d54f02,neutral
97f5446019,neutral
a452d71fc8,neutral
0f8195c613,neutral
33c3801dfd,neutral
6f5c5840c2,neutral
6e107d7724,neutral
a637a8c594,neutral
cf59390a61,neutral
939cbd9cea,neutral
12e1f64294,neutral
c9c854adc8,neutral
4131e5218b,neutral
c8dfc591ec,neutral
1e7e636278,neutral
4da565fddb,neutral
1cd56df654,neutral
5c39fade50,neutral
403815a3ed,neutral
bb49677e04,neutral
005a314b21,neutral
868c3be37b,neutral
87e4d6ee0f,neutral
96204d3a64,neutral
551461ea1d,neutral
cc7aa351ef,neutral
f107dc44fe,neutral
ac3e3b4605,neutral
201ca6383d,neutral
a27e6d1054,neutral
410b8df2b5,neutral
a00b2b3fc0,neutral
bfbd1996de,neutral
1d37d45df0,neutral
4fc2f6c6bd,neutral
f79806e09d,neutral
9fa91c181c,neutral
62c8866334,neutral
a7b2b3ec1d,neutral
ea0328d144,neutral
ff26920ecc,neutral
6c67f0c9c3,neutral
da08c42b54,neutral
3773846bc3,neutral
d4f47f10dd,neutral
f42519543f,neutral
03328a301b,neutral
5cba1be393,neutral
6627c3ad66,neutral
7a59c602a8,neutral
eca1234693,neutral
7e43bd056a,neutral
57342ea5db,neutral
b4d63a88fa,neutral
2dc0bc1ae2,neutral
2bdb19ccd3,neutral
fa7f01e7b4,neutral
f763af7a90,neutral
faac38cfe2,neutral
8cd15600d6,neutral
ebede9a734,neutral
4a65bfb832,neutral
5852a1a637,neutral
fc09ea40a4,neutral
44a38ebc2c,neutral
f69743df17,neutral
d46919e9b3,neutral
ee51c20f18,neutral
1f9e2bdd81,neutral
4e686eec94,neutral
47c9f9a8e1,neutral
85753403d0,neutral
9d92e249f8,neutral
d641e83ab0,neutral
17e6c97023,neutral
d5d3fc0a59,neutral
757b11e355,neutral
7d770c7bd6,neutral
dbe30a5f44,neutral
9fdbbae837,neutral
655659de18,neutral
47c71a706c,neutral
98473b3aa3,neutral
0903386a1d,neutral
629b112918,neutral
d17022a3bc,neutral
1d9c6a757d,neutral
b30b442df8,neutral
eb57b657f0,neutral
49e42c368b,neutral
ce0eb5683c,neutral
6173fd7c2e,neutral
6ff3e6b63d,neutral
5f5edcf6eb,neutral
f361ff21b1,neutral
d6fe273ce4,neutral
88ab001449,neutral
1ae0bf389e,neutral
d878cf0cb3,neutral
ee84bed83a,neutral
245c78cb37,neutral
0ce2ead3ec,neutral
c33f6f7215,neutral
1755ac6065,neutral
1c5231d04b,neutral
13dcb0f346,neutral
ed01460fd0,neutral
ece42636bb,neutral
77b1f297a3,neutral
4af640d32a,neutral
9dd2edd0fd,neutral
d3230b7cfd,neutral
5ac2dda95b,neutral
a6adde8a33,neutral
0d5d742d4d,neutral
2f3ac07330,neutral
d75b9c1f77,neutral
e11ef1c5a1,neutral
4848c86ad8,neutral
0f8a7527ac,neutral
9f31e1831c,neutral
8283f525c5,neutral
923f8c1b23,neutral
cdeaa93be4,neutral
cdd32ab588,neutral
aaeaa5c0b5,neutral
ac263ee536,neutral
1f27adbaa5,neutral
708e67409c,neutral
6d9423af3e,neutral
19227404ae,neutral
4e0e71535d,neutral
52b498118d,neutral
abce60a6eb,neutral
0dc96823d3,neutral
5dc85811dc,neutral
04c436d528,neutral
e6ba90afab,neutral
743691574d,neutral
13c9f02a06,neutral
e79cdd9bb8,neutral
54591b7521,neutral
fd762e3047,neutral
5fcb9e73d9,neutral
ba2e7a1ac1,neutral
8ae682a99a,neutral
a0577362f6,neutral
57a7111115,neutral
60aceb4db0,neutral
b6fc2f3af3,neutral
91d6223051,neutral
77c3844210,neutral
577bd1ade6,neutral
dffc4c62e1,neutral
6c11ca9bb9,neutral
5bc318f14f,neutral
4ade066ad8,neutral
5f5bcf5f32,neutral
dfe207079d,neutral
7e1ee83e72,neutral
ff207f2540,neutral
b28ae54c5c,neutral
f80564b6f0,neutral
4d4fceb7d2,neutral
49d6a06d0c,neutral
d8312c3d2c,neutral
6903cb08f2,neutral
023bdd23e4,neutral
392d1985b2,neutral
ab3885078c,neutral
c58b2ba46e,neutral
e1fd4cf2a7,neutral
414fad1ccd,neutral
1d44fe87e3,neutral
f8df13b212,neutral
11fe381c8a,neutral
bdade388fc,neutral
81acf49030,neutral
778f083ae9,neutral
b717dc7e0e,neutral
b715f53f42,neutral
27829f7178,neutral
5be9c146a5,neutral
c79e8c6f71,neutral
aea870d68c,neutral
ddae59d08f,neutral
7418edf469,neutral
1ddb250d8d,neutral
5d51c85bf9,neutral
6c5103a4c5,neutral
92a6b5016a,neutral
8bbda7677f,neutral
28d3a8aef0,neutral
3e6cc1a2d8,neutral
3949b72541,neutral
fd570efa13,neutral
48862453f0,neutral
3de7a2f5fe,neutral
7f27f975af,neutral
77f7e59066,neutral
a782692a57,neutral
adb113b997,neutral
90fea7e19b,neutral
7a3245a6a8,neutral
6b064ca919,neutral
494a81a478,neutral
f1c5fd1213,neutral
eda7c8ba8f,neutral
04d9293c2e,neutral
b0794b5a7e,neutral
5142407755,neutral
0b704e3a6e,neutral
f737ba1116,neutral
e59f2dd774,neutral
ff84fbc83d,neutral
25bb6325fd,neutral
31ac5826e1,neutral
295fee573c,neutral
750749d8c9,neutral
e47de482ae,neutral
11ef1f74dd,neutral
0d64ba9efd,neutral
d6d9a3d7af,neutral
297658805c,neutral
b4e0af0496,neutral
35af795ce1,neutral
6213c6aa27,neutral
36f2676006,neutral
2b603d3169,neutral
4dbc53fce7,neutral
ad909cfc04,neutral
3d64f2c8ae,neutral
490406641c,neutral
6250f7203e,neutral
e8f48259a8,neutral
5bd1a6d051,neutral
6a3bf13772,neutral
981713769d,neutral
cba905f962,neutral
326f2265dc,neutral
f1125b5152,neutral
1760ca7893,neutral
cfeb6d29cc,neutral
2f561da8bc,neutral
c22ff98d0e,neutral
d164728f94,neutral
d78aeb107a,neutral
7ed43fb65d,neutral
82b813755f,neutral
38a6cb940a,neutral
66b02ead15,neutral
ad9861c440,neutral
70fc5450b8,neutral
3a4256c114,neutral
abc334762c,neutral
62b2de6a93,neutral
60c700093b,neutral
1a41c7fa70,neutral
518d16a67b,neutral
29dac23fcb,neutral
71314cdaa5,neutral
223ee8eb20,neutral
cdcbcb989b,neutral
57eeab2353,neutral
1a4f7e83c6,neutral
c1970069c4,neutral
1f641e94b4,neutral
3eb7632e02,neutral
6e56dd0373,neutral
342fd88176,neutral
01d5aeeac2,neutral
bac04e8947,neutral
285b9bd0f5,neutral
d92016105e,neutral
b7a83b2609,neutral
13a1ae8414,neutral
834e3800a5,neutral
1ed849967d,neutral
77912f2801,neutral
12b2e51207,neutral
7a60d63a34,neutral
83221c463a,neutral
bee22c2654,neutral
b35daf9677,neutral
188b9c7830,neutral
43d6523b29,neutral
4ab1715033,neutral
43334df129,neutral
e295122fe0,neutral
3f74b6a935,neutral
2e5f0145b6,neutral
7b7b2d792f,neutral
1b0a8cba9e,neutral
f538b035ae,neutral
8fd0a37acb,neutral
f1c20600a1,neutral
27450b471b,neutral
f1c0904a85,neutral
9632c35e86,neutral
9e25e9b128,neutral
26149e0547,neutral
c2fc42a9ff,neutral
d9a986cfee,neutral
af562091d9,neutral
dbc8ab6a8c,neutral
4f877f23a9,neutral
5239da0dc2,neutral
5fca2e236a,neutral
3c9a784f5a,neutral
4c97836bee,neutral
c3895e34db,neutral
fc595e7eae,neutral
a4b0888da6,neutral
38fb8d60f6,neutral
61cde7aa2c,neutral
692f5741d2,neutral
8bf2931551,neutral
fcbf31b293,neutral
4e3a9d1c15,neutral
67dd29837e,neutral
1307397601,neutral
7ec8b0877d,neutral
506f3859f7,neutral
a279d174ac,neutral
3d4144e04c,neutral
40d56767e6,neutral
c0c9f36158,neutral
e2dad0afa1,neutral
b6ad9e9b07,neutral
6d2c23642f,neutral
6f606e6a00,neutral
f8d28ed61d,neutral
5ff9641dc0,neutral
37425ece54,neutral
808c128dd3,neutral
2f858c20c3,neutral
cc5641534c,neutral
9a34fcae9a,neutral
264518e88d,neutral
13341ce982,neutral
dbba006190,neutral
fea60758cb,neutral
d8a431a00f,neutral
6e1004a856,neutral
c3d46bbb16,neutral
c32f599954,neutral
f8cd48cda3,neutral
211b3ce6da,neutral
2bb7bda383,neutral
2a381bb204,neutral
b4927eca78,neutral
4c1a9acc22,neutral
b52177ee62,neutral
04d4c83373,neutral
82cfcadf20,neutral
f235ea0431,neutral
dc68d2f698,neutral
e2de1bcf70,neutral
e08dad262b,neutral
7c17aea36e,neutral
2543065d78,neutral
b5766f00f1,neutral
2796cba1cb,neutral
fbaca7805c,neutral
3696d1db81,neutral
febe6cf2df,neutral
c336b00b07,neutral
0e533abdae,neutral
12269a83f3,neutral
8bf326b4b1,neutral
4d5244c2e1,neutral
12cdafc3e3,neutral
ff4e554bc0,neutral
8f6b4a4e60,neutral
06e9a74ff7,neutral
85df8f261a,neutral
6a0c150423,neutral
dfbaf65801,neutral
2218051218,neutral
7c79d9f42d,neutral
b73bd70b63,neutral
ede4721177,neutral
2c2360468d,neutral
7d03216477,neutral
175ba4ef80,neutral
525ab9017e,neutral
8a16f7dd37,neutral
50f928420a,neutral
2e52a6f7ff,neutral
4541e7217e,neutral
16b4cae29a,neutral
38ff378dd7,neutral
90944c6528,neutral
5270da20ff,neutral
17f4b1d5d9,neutral
ea1dea9f05,neutral
fb809d9089,neutral
9d1dda4962,neutral
5d917baffd,neutral
d61920978e,neutral
3d8e8979e4,neutral
a1eac19edc,neutral
0f5335f2c5,neutral
74ca409c42,neutral
880447db22,neutral
78130aa4fc,neutral
82f88a3667,neutral
413ea757e4,neutral
32e0d873d3,neutral
9abee8d4e9,neutral
33f32a6832,neutral
cd0f1242dd,neutral
9009bc887b,neutral
047892c4a4,neutral
52e0f1f09a,neutral
a779984508,neutral
4b289f721f,neutral
66553340b5,neutral
580b62bbfc,neutral
26ff75490f,neutral
b17c89d51b,neutral
47fed1bfdf,neutral
e9d6e37aa2,neutral
58351086b6,neutral
1f51b1de8e,neutral
bc82058fb4,neutral
925edd84c6,neutral
91bb6abfbc,neutral
d1101dce96,neutral
b61b7c4098,neutral
73a87769d2,neutral
8ca6f8f0fc,neutral
e0606803af,neutral
5512695d36,neutral
3e4b3ec6a6,neutral
1789d4f95b,neutral
498b85271a,neutral
4bd7d47e62,neutral
3662a807e1,neutral
60bbcd57ef,neutral
d7210c0de1,neutral
320d33101f,neutral
9d05a89879,neutral
2970779b85,neutral
29afbab19c,neutral
12e07abeaa,neutral
1024862c1f,neutral
fbc44d0924,neutral
cd250da7d6,neutral
e96b7ece65,neutral
673f64d8ef,neutral
8ac49207e1,neutral
3e49b93467,neutral
f15fb4679e,neutral
addb2adf93,neutral
87e048124e,neutral
afb720dc09,neutral
ba3b4be4f5,neutral
b00c0df7e2,neutral
9f4dab6150,neutral
a64cb1a714,neutral
bd593a70ba,neutral
eb67f7d7d0,neutral
d8977abcc3,neutral
5b2e555419,neutral
a7876c66da,neutral
5ab16f3164,neutral
18e3628233,neutral
d31060a0d9,neutral
52083d8acd,neutral
e772bc694c,neutral
f3e302a52d,neutral
3cbc1723cf,neutral
cafc8d4e17,neutral
753fdceff4,neutral
585d49be9f,neutral
6b59df5c9b,neutral
cbc5f36800,neutral
6c5505a37c,neutral
35cace50bf,neutral
892bd5ce3b,neutral
6ad8e3c8e4,neutral
053fc34680,neutral
60648d6ba4,neutral
ba44eb7f2d,neutral
85040fe8e2,neutral
92a3bf4cfb,neutral
1433f8c1ba,neutral
7e75681229,neutral
5593a8341f,neutral
66c610f2fa,neutral
f7904730f7,neutral
ea4e147dac,neutral
9f3d5f25e0,neutral
333b617776,neutral
dcea82cc06,neutral
6fc3234fde,neutral
63009bdfac,neutral
1bd114c455,neutral
81a83e8d9a,neutral
8acedd6cab,neutral
f0c1601d8b,neutral
013b686a0a,neutral
72bafdda6a,neutral
22287946b8,neutral
8ac81eb024,neutral
babf4b1bda,neutral
5000ec4a54,neutral
3611ede525,neutral
2c7965a544,neutral
b8ba2e0d51,neutral
9db597413a,neutral
29fa1f6ee0,neutral
758a1edf62,neutral
ef200df027,neutral
ce7f8a5210,neutral
4884fe65ba,neutral
7c5e0e1793,neutral
dd75a492d2,neutral
b7c87c6d33,neutral
7908571329,neutral
f043c14a94,neutral
b867858e93,neutral
3737e67016,neutral
2f4647bf36,neutral
6122e9ce9d,neutral
9b95aa128e,neutral
18b107a0c8,neutral
febbdb2510,neutral
34b6e311bd,neutral
cf5fa88696,neutral
bff6ad3420,neutral
ff07fdb5c3,neutral
47810d8bde,neutral
eabb71a3dc,neutral
e27e0e5453,neutral
edb2d20a13,neutral
cf0e868f70,neutral
781d900e89,neutral
681513d24f,neutral
7eda6f9535,neutral
e941b944d8,neutral
fe01ae49de,neutral
e9f7e8c0a2,neutral
981f69a401,neutral
c1fd0d7ee0,neutral
8919a7af68,neutral
ad59f9f17d,neutral
e56a579576,neutral
3889809fc3,neutral
84e3932e11,neutral
ccad855a31,neutral
66a93bc52d,neutral
c527522d95,neutral
8f5d269520,neutral
79146cee98,neutral
1d6411e9dd,neutral
5e0be1fa8e,neutral
37c9db3923,neutral
87967559b7,neutral
d4425c062d,neutral
73863be445,neutral
0effd702f1,neutral
947398994a,neutral
d09b53130b,neutral
751983d6dd,neutral
7311789bcc,neutral
4464eaa598,neutral
0ab8f9c4bc,neutral
6a119b9630,neutral
4e6a5c0034,neutral
bdabd36e3d,neutral
afb011681c,neutral
afcf08a2d0,neutral
c95a7e707c,neutral
e572df8b9d,neutral
a2d355295b,neutral
0460f2c05b,neutral
4c8b993f7b,neutral
c785c9e429,neutral
187ab88e86,neutral
aca672028f,neutral
3c6ad9eefa,neutral
c6cf9979f5,neutral
04b00763ff,neutral
0746994570,neutral
8ade491ee9,neutral
492624d1b8,neutral
de2f813c3c,neutral
cee5059af5,neutral
b070621cae,neutral
ea5cdc6030,neutral
75194b7e8b,neutral
9e925084fe,neutral
cde06ba878,neutral
9b2f24abcf,neutral
b7083c7283,neutral
56a2b69b74,neutral
5e4f7f4311,neutral
6f328e5f24,neutral
092bb0deab,neutral
51b24e0c02,neutral
1d10473fc1,neutral
824aa064d2,neutral
c00d3028ce,neutral
76dc12a6c3,neutral
05bdfb2daf,neutral
e0449518b0,neutral
83ea91fe2c,neutral
efa3d5e473,neutral
a7c665c91e,neutral
2b945b9f57,neutral
388af20705,neutral
f854b71b06,neutral
f975278452,neutral
85453272a9,neutral
c529737091,neutral
df1bbb62f8,neutral
9c7cab107c,neutral
d7fa220244,neutral
4349a49444,neutral
2d43263be0,neutral
a28a3e7b86,neutral
fc8b4e690e,neutral
11b9527334,neutral
df0835f667,neutral
2725e91f3d,neutral
c3abca2045,neutral
634c1733d6,neutral
a2fcd3e2ff,neutral
2ffa136acd,neutral
b0a00379a7,neutral
7d57d5fe91,neutral
4d22ec80fd,neutral
ed167662a5,neutral
b5d0afccb2,neutral
1b8d6973bc,neutral
cc07ca95d1,neutral
031cf55c6b,neutral
7007795ec9,neutral
2a8024e414,neutral
6d6391cb8e,neutral
4c279acff6,neutral
9432091e03,neutral
c7350d0f8e,neutral
e17ee2bd79,neutral
58e3269ea4,neutral
a6ddddddbe,neutral
2ad9cd5c92,neutral
b603c3561a,neutral
b3edc4f9bb,neutral
9327aa5881,neutral
6187121db2,neutral
a841363ad3,neutral
d703cd3563,neutral
6f4dd292ef,neutral
1794a6c4c0,neutral
cca69edec6,neutral
c20f4e96ce,neutral
e3bda219ff,neutral
bb2a527cb9,neutral
8ab49e0790,neutral
6fc523d6a3,neutral
1f691878d1,neutral
a5b07eff7a,neutral
112a5320b5,neutral
2d27d6cb0e,neutral
b807c99b4b,neutral
5ca4fa1298,neutral
8732e4522c,neutral
454efa3d41,neutral
7b80a5ad6c,neutral
d486d0ebdc,neutral
ffcc809783,neutral
2e4518a318,neutral
773ae618f3,neutral
ba7f7e4d00,neutral
7d85365781,neutral
ea113179b7,neutral
63c37a49f7,neutral
bf932d2533,neutral
efb8b1805f,neutral
8c5f798dde,neutral
7e26065fff,neutral
a0a3065378,neutral
5aae399456,neutral
f7743c41d7,neutral
1698dbc236,neutral
a8aa416961,neutral
6a3ade71bb,neutral
189ca81ed4,neutral
ae02c0e0b1,neutral
c6bf7c5635,neutral
36e3e0d87b,neutral
71fa625813,neutral
864eadcbd9,neutral
04ff36b879,neutral
59aa18c798,neutral
981fab8e92,neutral
ae617bacb1,neutral
770c8cb541,neutral
8edef35157,neutral
6410d31bbe,neutral
42385b0ddf,neutral
0207c41847,neutral
bf9927af4c,neutral
0b9683bd22,neutral
d7d4f4e897,neutral
71d78dd6c4,neutral
76564a9a45,neutral
626d6a1d79,neutral
f7f69165f0,neutral
2785cfe292,neutral
32354992ca,neutral
646c6efbdd,neutral
322d0c3ddd,neutral
3289b3a9a5,neutral
395a5c0c9b,neutral
0d5675cb85,neutral
b26deb5da5,neutral
5aa5003df5,neutral
bb6bbbc15b,neutral
4f43821b72,neutral
3c3b471263,neutral
8e7d8d2a14,neutral
e721757713,neutral
cfa79ad5e9,neutral
e4906c30ba,neutral
0addccf1b5,neutral
9ac119f2d2,neutral
36e5ad4719,neutral
1cc39a6797,neutral
9bfbb2c299,neutral
60c30e4bd8,neutral
86f51a6e6f,neutral
646a2866e0,neutral
b32f724cc9,neutral
4fe8d469b8,neutral
df8b0a5876,neutral
603641a514,neutral
d9c836bb8b,neutral
14cdd8f66e,neutral
f30f137d20,neutral
ead9e24947,neutral
b56024023c,neutral
876ba674c9,neutral
3adfb85ae8,neutral
8074eded04,neutral
e4cb8a6252,neutral
adeb98adaf,neutral
54111024e5,neutral
33f1ac2021,neutral
13826b6ec5,neutral
641c23fb92,neutral
ab2ff47163,neutral
091279a25f,neutral
6972e131a2,neutral
1f071b53cd,neutral
75868c64e0,neutral
add1c95bee,neutral
4c8d61cfd0,neutral
13db91abcb,neutral
43b42b08ef,neutral
5b25dc3a8d,neutral
f5c4c8ef81,neutral
a4bb6136b2,neutral
a0235f0820,neutral
82a14209a7,neutral
bfec13895e,neutral
c0b0c01f67,neutral
e6d9698c42,neutral
2f7e6b1574,neutral
ae5d6085dc,neutral
2b6017f8f5,neutral
1ecb8b0f6a,neutral
8d310ad3e7,neutral
6f6f3a42d2,neutral
37d1afaad1,neutral
7535337013,neutral
a550cb0ff9,neutral
0c61d2393f,neutral
f6b46665e7,neutral
0b09f12a98,neutral
8af8378d17,neutral
d64016978b,neutral
16fab9f95b,neutral
fac8f5cc3f,neutral
993ed46c7e,neutral
082eeaecce,neutral
84419da5cd,neutral
d1656f1b8a,neutral
5135d17898,neutral
c05ea7e99d,neutral
8fc93f5936,neutral
0a19903154,neutral
6f61c948ea,neutral
0fb72945f7,neutral
510166e996,neutral
7624520ec2,neutral
4efc7222ad,neutral
ba442319a3,neutral
b3157ffa60,neutral
168e8f6bc0,neutral
0ff1b75e96,neutral
dbc02fbb6f,neutral
cdeebe5d5e,neutral
987d444425,neutral
dc211ab61f,neutral
9262efebd5,neutral
03c0a20b7a,neutral
43af9e6c2b,neutral
b0d49051f5,neutral
3ac5c17dda,neutral
b5454503fc,neutral
3a58fe626c,neutral
946f23739a,neutral
efeaa7155e,neutral
32aa43f89f,neutral
82831e923c,neutral
0de1f57073,neutral
67beae3c7f,neutral
9d2cffd953,neutral
8aaa611acc,neutral
b41b91a95a,neutral
2416dbd0dd,neutral
039547e4e8,neutral
dbe1d16b29,neutral
01b880087d,neutral
10b2a14840,neutral
95ab9c3364,neutral
8a79072ca2,neutral
05aa067b65,neutral
8ea600eb9f,neutral
f3ee466f12,neutral
82d5014d1c,neutral
89b7714860,neutral
878506caf2,neutral
af3ef576ab,neutral
0f0206e14d,neutral
122f0261dc,neutral
d7922ee591,neutral
1de4055802,neutral
cfdbb7f29e,neutral
b087af5ae9,neutral
ef2ccb6b14,neutral
ac0b987e8a,neutral
81a3ade0a2,neutral
153329eb1c,neutral
65a93189f7,neutral
b876789255,neutral
e5b8fcfea8,neutral
6c433d002f,neutral
9cc5a9f2c1,neutral
f393e46a24,neutral
c54fafc423,neutral
9c424dc32f,neutral
ba1cac8f6b,neutral
d9b5dafc96,neutral
b95bcbc183,neutral
6c92531480,neutral
fd4e4be626,neutral
894e188d01,neutral
d35ae85ac0,neutral
8ef82a4c11,neutral
444edfce2d,neutral
0523856194,neutral
9b6be98399,neutral
6b4f5aced4,neutral
cac8586e77,neutral
11084dac09,neutral
db66864b40,neutral
1377ef2ae4,neutral
242766da2a,neutral
7c161cca52,neutral
ac164fffd5,neutral
10f3ccaa11,neutral
df34c5a6a5,neutral
0b9cd4686c,neutral
fda9fd304f,neutral
69640a2027,neutral
7ba102ebb3,neutral
97cc49b422,neutral
fe99f6e3a5,neutral
f75ecd3315,neutral
f660abe5e2,neutral
701f05eebd,neutral
16947b5a23,neutral
088c60f138,neutral
3bd1a4ef88,neutral
0d4aabd4b1,neutral
5f9b6eb560,neutral
a8a3b9384a,neutral
60863476b7,neutral
3050f6f5e0,neutral
a210e6f2d9,neutral
6ea3693282,neutral
d072014323,neutral
a8531ac45a,neutral
865244d92d,neutral
833944785c,neutral
4838a2c745,neutral
4d4c12fca4,neutral
aa3b4edd5e,neutral
41cff9bd12,neutral
93c1545823,neutral
c0e97b1036,neutral
c8a860ed0e,neutral
72ee4a3503,neutral
efa546635f,neutral
154f2174b3,neutral
1442cbc18f,neutral
5ab5ca184c,neutral
cc5639a1aa,neutral
6b9540d112,neutral
088ed77c3f,neutral
5b2d79e3e0,neutral
8f4cb287be,neutral
1c33228326,neutral
67372406de,neutral
0321cdf978,neutral
3eb177fced,neutral
bcec654c69,neutral
bb291cbf95,neutral
d40568560a,neutral
62acdd8ae8,neutral
5a18a30b55,neutral
263107d340,neutral
b0495c5087,neutral
8d73a2b693,neutral
c4ab478a7a,neutral
8dc02b52a7,neutral
0b4256443b,neutral
929ed1a04d,neutral
4738b2a583,neutral
7132ae3a58,neutral
fdac594a05,neutral
647f5934e4,neutral
5498e0a2fe,neutral
fd13a24d43,neutral
d8e2bf0d76,neutral
1d6aaa9f59,neutral
2d003b7d57,neutral
04988b9aa6,neutral
5d905b2eaf,neutral
b7ea6e1db5,neutral
06e1506ee8,neutral
a64b492f72,neutral
d38f977f51,neutral
a4574c0cab,neutral
515f4c5c4a,neutral
a3c4ed6c37,neutral
ff7734a983,neutral
00efeec9d3,neutral
8c39c60f4c,neutral
c7922d750d,neutral
99ebcb0229,neutral
2baed22b29,neutral
52f3132153,neutral
3a070ecda1,neutral
5dd285d847,neutral
04f60a9213,neutral
ef2800f3fc,neutral
7baccbb14f,neutral
50e701088d,neutral
c9ac4056b1,neutral
1c21fc2a7c,neutral
635fce8da9,neutral
c44a0beb42,neutral
5c9e1891fe,neutral
49a1e47abb,neutral
2d2b117213,neutral
456bb27d57,neutral
3f94e09817,neutral
361371d376,neutral
eef641b862,neutral
1d779830cc,neutral
ef4256f749,neutral
56cf13b2e5,neutral
0264755407,neutral
9cea7b2928,neutral
454829e8ff,neutral
ca5c407ca4,neutral
cae4719603,neutral
668e026593,neutral
2d4944b8ef,neutral
085f5b591e,neutral
d3a198f0b0,neutral
475c808b17,neutral
7f1d2525ba,neutral
5f62fdce13,neutral
64794cb0a9,neutral
1f1e19b223,neutral
4644f380ec,neutral
cdd73f9bf4,neutral
5d1b0c48eb,neutral
4e2794c404,neutral
1b593b19e4,neutral
acd7baeab3,neutral
9b67b05a3e,neutral
ea59c43f43,neutral
a53ad84961,neutral
ea91e5a7ab,neutral
5c99b0eff9,neutral
2df6515c88,neutral
4062b0503f,neutral
f7f8ea9724,neutral
48d8087f95,neutral
04529e9444,neutral
e41ae07da9,neutral
84f6b89fd7,neutral
e0344c471a,neutral
412296c6c4,neutral
9453252016,neutral
aa97eca66f,neutral
a8a46f19de,neutral
b348304015,neutral
4f6b25d5af,neutral
73fb731c75,neutral
c775329507,neutral
a9e033d39c,neutral
7591c0b0b9,neutral
90ea5339ff,neutral
1c22e71e87,neutral
5c50f92c28,neutral
f11836c030,neutral
48037aa2e7,neutral
6c994185ed,neutral
cabdea54e4,neutral
1eee3222a9,neutral
abc7df8d02,neutral
fc0e7ea470,neutral
6d694ff7c1,neutral
9e9a89a2d7,neutral
7105615335,neutral
65be71e57b,neutral
8401d0072a,neutral
47dae4cfaf,neutral
76edbb1539,neutral
af7b184860,neutral
aa8020f349,neutral
b8c8fa0332,neutral
d43394a352,neutral
38184ee5fe,neutral
713d1fbf1e,neutral
6d2cc126e0,neutral
28d757d511,neutral
b768042646,neutral
4052e72ea7,neutral
5386764f06,neutral
775fbb2863,neutral
04100a8743,neutral
ec3201c4b0,neutral
79764a87b3,neutral
dfeabfe450,neutral
f82c9ce2b7,neutral
3e61dc8b4e,neutral
c4c305babd,neutral
2a806d99bc,neutral
6dd75a5d42,neutral
db7dfbc482,neutral
a5d6a317fe,neutral
f3d710af24,neutral
957efc19e8,neutral
1f4e30c204,neutral
09c18060c4,neutral
f8b1806535,neutral
99e110f2b5,neutral
0a61cbf4b5,neutral
9c2c176eaf,neutral
a2b5bb22ad,neutral
9dae588aa3,neutral
de2af3c3a5,neutral
df123e0ba0,neutral
6f3818a39e,neutral
7a613ba81b,neutral
86328e1b5f,neutral
5e5c116bf5,neutral
8e1182a1ee,neutral
31f8b8db41,neutral
23b8ac0826,neutral
978068a4d7,neutral
4d5bbfeddc,neutral
08afec628c,neutral
72edbb4f6d,neutral
dc6849db5b,neutral
257b022af1,neutral
3b1c7ecca2,neutral
ab1368e993,neutral
cb3ca1167f,neutral
3696933f3b,neutral
89a112a6e7,neutral
54477f9f5c,neutral
d772d3838a,neutral
2b0824d835,neutral
258c3b7c48,neutral
ef2ab041f3,neutral
3d309d0f6c,neutral
bd3539892b,neutral
df54c36011,neutral
80a0a9f2aa,neutral
94cf8218d6,neutral
05e15c27ed,neutral
802111a3ac,neutral
84ca20505a,neutral
60c947090b,neutral
8e6ba09a14,neutral
971c1e314b,neutral
dc81e11270,neutral
6bba94d225,neutral
48a317e32c,neutral
32480c3c45,neutral
36a9ea2842,neutral
7bfc1b7338,neutral
be98303d36,neutral
4b9b01895c,neutral
e4e22625b0,neutral
dd8e956c58,neutral
bb4ba81fc9,neutral
fcfb36a95c,neutral
a61b26ff39,neutral
9784b9c375,neutral
d3d29d9f32,neutral
f7637933f3,neutral
ee109b3e82,neutral
7d0ba46dc7,neutral
ade7b64fe3,neutral
662815867d,neutral
31018248ce,neutral
c64c289b4c,neutral
b5a9c83566,neutral
c179a2d3ba,neutral
c7e8e03aaf,neutral
3dc5deb4d3,neutral
27ee482d09,neutral
9849f2c929,neutral
61fc9acca6,neutral
994e152e33,neutral
8d3f53c756,neutral
86fb8984c4,neutral
51b8bfea73,neutral
0cf50d7da6,neutral
90c3226ac6,neutral
aa0b50384c,neutral
833bcfd021,neutral
822a6a42da,neutral
6afcfa170e,neutral
90671d19b8,neutral
5328c72bfd,neutral
e8d6813bab,neutral
7c9c154e93,neutral
e0bd0744d5,neutral
545e12475f,neutral
5f1c68b046,neutral
8bc96643a2,neutral
e87dd492ea,neutral
ecc496d1fb,neutral
fdcdaf7a46,neutral
4354203b21,neutral
eb1fc39ded,neutral
ba62103b3e,neutral
08b256927c,neutral
69fb230b38,neutral
b2fdecdc85,neutral
336ca3dbe8,neutral
e522456bac,neutral
b6bf74a5c8,neutral
0293e55c94,neutral
f340792b01,neutral
90ad01d223,neutral
db544f7400,neutral
12b05ce33b,neutral
8211642cea,neutral
1a674ca5ab,neutral
fbc0f03d51,neutral
21c2d1c2b5,neutral
e8abb0d477,neutral
5d43f2c9d8,neutral
210b5fd002,neutral
b11272b594,neutral
8304982d5d,neutral
8e1e8f03b2,neutral
64f8545fbb,neutral
60fc6a5a7d,neutral
e4a721ba63,neutral
ebf9bdee6d,neutral
06a4343518,neutral
16daa66629,neutral
3a451a699d,neutral
63b1f48a72,neutral
e4e1bdbeb0,neutral
92a62054fe,neutral
32594aaef7,neutral
0abda8c9fe,neutral
a32ecc746a,neutral
1ea1879617,neutral
7e24aaac61,neutral
05fffc63c5,neutral
9cde1fd038,neutral
8d548e722c,neutral
951960a629,neutral
389fae7a27,neutral
258742b130,neutral
3e1c6b5552,neutral
c5ef8cf10f,neutral
289b06b8b0,neutral
97e05cba20,neutral
81898a8b44,neutral
fb705a311f,neutral
1522043693,neutral
c94d1cb011,neutral
da42c1e6c8,neutral
288924f3b9,neutral
a5ab0d4fc5,neutral
e8ad6d96b6,neutral
97e99b2e82,neutral
c58dce817e,neutral
f21497fea0,neutral
d081503cff,neutral
fd7975b3fa,neutral
2f6d9d1419,neutral
f7c2dfa269,neutral
17a362db4b,neutral
f228818dc9,neutral
67d06a8dee,neutral
bd229715c7,neutral
b35a729115,neutral
3d5d523e70,neutral
53830b5e3e,neutral
f3a5d47d09,neutral
1c943682ec,neutral
83e3ba4eb8,neutral
16b0e0e6bb,neutral
a71dd67cf9,neutral
2891d2c99b,neutral
7961dd017b,neutral
419f94af11,neutral
c6f4db3b3e,neutral
0abe62c2ee,neutral
cff315b757,neutral
21b23c75fc,neutral
04f7a0b0f0,neutral
bd9e0cef04,neutral
7a0f49dddd,neutral
941f21072c,neutral
1a38d972aa,neutral
3963c265fd,neutral
3456a32027,neutral
83c6461729,neutral
52acb273d6,neutral
fd1c686459,neutral
f9147427db,neutral
193909d380,neutral
1f32a8f374,neutral
fc18b7256a,neutral
f19e9a5f07,neutral
14393f569c,neutral
61c965ec89,neutral
5829ed3e4a,neutral
a551b7d76d,neutral
6d09b56028,neutral
fc4caebc32,neutral
7960586d30,neutral
df7b4a0686,neutral
828ec4d5a0,neutral
63b70ca836,neutral
54277afaa4,neutral
4e6e3ebb75,neutral
1963a7538e,neutral
dddcacea37,neutral
accaa7f355,neutral
35469bc08d,neutral
74165b8c7f,neutral
8e0d01bd84,neutral
f8201d31ee,neutral
83508cf4db,neutral
633b957253,neutral
256414e53c,neutral
ab0c9b04d6,neutral
e5b3486ba2,neutral
fe41b4a287,neutral
ff87d6fe69,neutral
6f99793f65,neutral
beb4d5f6e0,neutral
abad92a959,neutral
08e64c5400,neutral
0167c461c6,neutral
6b412b18c5,neutral
e9f4bb31d6,neutral
ae1d5afeb5,neutral
aed0dfcfde,neutral
610f807443,neutral
05d3de22da,neutral
f3b503d94d,neutral
1fbce7ad49,neutral
2e2619841e,neutral
647b60358b,neutral
cbbb741406,neutral
8395289472,neutral
b44a0e4a37,neutral
0c3c7c7bb8,neutral
de0c8b3657,neutral
1ab146d8c9,neutral
76a2ce518f,neutral
986989bbf5,neutral
089d57ef99,neutral
88cf7f7be5,neutral
f302b6472e,neutral
f83bd50949,neutral
c28e5146f1,neutral
71ecc26c84,neutral
97dd37ad53,neutral
699bb2c9c9,neutral
27137e8319,neutral
70791caf15,neutral
068182f90f,neutral
4591bce14e,neutral
8c2214f7c9,neutral
ee8ee67cb3,neutral
162be2269a,neutral
cd5989172a,neutral
c7b0ae8767,neutral
0fe63f7521,neutral
6f3908ca0c,neutral
36bcbee1cb,neutral
4a7043e753,neutral
bd4755241d,neutral
15297ade82,neutral
3e0cca1c50,neutral
5c43dd8dc4,neutral
5eb0e374b2,neutral
5ab37ce023,neutral
b2e551b292,neutral
c5ec1e7875,neutral
313fc09dd5,neutral
2d0a3b4337,neutral
7bea7e2bbd,neutral
171989cf65,neutral
fc0ca41f2f,neutral
ecb18f6c94,neutral
a6dc534ff0,neutral
9bf21c82f3,neutral
2060c50006,neutral
346755a77b,neutral
a67c41f72f,neutral
6eff3352d8,neutral
d46552aad6,neutral
c4630361bb,neutral
bd1e4b2ed7,neutral
d4fdca51c7,neutral
d8aaf6be7a,neutral
50478b34e4,neutral
4892828dd2,neutral
c9819b6c74,neutral
644b710337,neutral
4ceb131b3e,neutral
0966857019,neutral
1e83e54b27,neutral
ccfd4e92f3,neutral
1cc02097ed,neutral
a35cc5f3d2,neutral
0bfe445bae,neutral
032d67ca83,neutral
35720a5a52,neutral
d6851df8d3,neutral
bcfd114092,neutral
e944e54713,neutral
0ffe509e87,neutral
60fa8ea66e,neutral
2616d11a17,neutral
2dc1b0abed,neutral
c37182a8e7,neutral
b7e7e4bb8d,neutral
8ca5ce7e78,neutral
2a2fd0848d,neutral
faa934e9a2,neutral
0ba8d6cdb3,neutral
5fddcf4458,neutral
bb370f8d42,neutral
3c58fd2ef8,neutral
f753d30b38,neutral
aa83e6075e,neutral
913c91b0de,neutral
751d70d6be,neutral
47fad4f4cd,neutral
af8842c4f3,neutral
51a4acf014,neutral
803996a09e,neutral
06514e2574,neutral
92cf0bcb35,neutral
ede6e4021a,neutral
08f8640e51,neutral
ad6d35c9fb,neutral
83cdebaa92,neutral
23f0f2d1f3,neutral
af98925f4a,neutral
b5c63c219a,neutral
ccf23937ad,neutral
1e0d79eb57,neutral
89466a67d0,neutral
afca91dc92,neutral
a003950128,neutral
f67d5f3243,neutral
a32c3e80ce,neutral
856c445b1e,neutral
bb2801f7ae,neutral
0d1a051f0a,neutral
d39b91228c,neutral
febbd3b8d9,neutral
1fcc024ec4,neutral
fc8ed01f87,neutral
a15c98b146,neutral
6086bce947,neutral
07adfb553e,neutral
f3b213a94c,neutral
33f75c1951,neutral
043554b8ea,neutral
9b24d6614d,neutral
c6f9fa9cf5,neutral
c85674fa22,neutral
e52dc9247e,neutral
21d66d0a6c,neutral
641555ac70,neutral
d7eff05eb3,neutral
f44a715bac,neutral
bbbd57c093,neutral
c3897a6af3,neutral
628c7ef2bc,neutral
e47b0e317c,neutral
06fbf8b1f6,neutral
ba91134463,neutral
f8e833863b,neutral
8b2e5219c3,neutral
7e05e68092,neutral
01942ec563,neutral
f610832c03,neutral
6bafb036a2,neutral
9e466b0667,neutral
a521d04f7e,neutral
4fd364c2ba,neutral
1be7769340,neutral
01cd64b48d,neutral
2f2c8a01e2,neutral
d641fd2819,neutral
03f5d78195,neutral
95a60b53a0,neutral
4760ad4246,neutral
c87f9557af,neutral
19da5d683d,neutral
a82d583e9a,neutral
38b762e325,neutral
ccc1ac7300,neutral
e3922e5326,neutral
c91843ee16,neutral
125249886e,neutral
78c8a6bd73,neutral
10c0f1b999,neutral
2e306c8902,neutral
a8d1027c8c,neutral
8a7feebc4b,neutral
d93cf1f1f3,neutral
f6741757cd,neutral
ebeea1f86c,neutral
ecd73c6d97,neutral
3b5692f59c,neutral
15e6e63fcc,neutral
08a860484a,neutral
7bb95dfaa2,neutral
2ddb792fa2,neutral
ec66683c9f,neutral
643442601d,neutral
109bec266c,neutral
7fa6b8e981,neutral
bc4061f80d,neutral
cdaa76b155,neutral
d2679b98ab,neutral
fcf18faa22,neutral
e65765ce9a,neutral
cc4a151d1d,neutral
929a5d6557,neutral
02c004bc2d,neutral
2ecac00b52,neutral
5fad471c2b,neutral
c78d8bc843,neutral
9f04d486fb,neutral
6ce4a4954b,neutral
889c7ee4a8,neutral
c0ddd87731,neutral
41fe669716,neutral
b7d9ae9072,neutral
6a5ec5682e,neutral
84e92ac480,neutral
b056ec3a6f,neutral
faae6e2fa3,neutral
59bc3dd186,neutral
f3164924d6,neutral
ab8363c725,neutral
2631f4447e,neutral
d76e65f0b2,neutral
a719156c49,neutral
81b03a933a,neutral
06e398557d,neutral
3e31b98ce2,neutral
083ef66232,neutral
4be0e12b0c,neutral
a3d51d9c94,neutral
6f6bb494c9,neutral
a76f9cf8ce,neutral
0016bd1dbc,neutral
ba7149719f,neutral
310fb6c0dd,neutral
2a2b5d0558,neutral
eb86aa056b,neutral
71b18f87cc,neutral
e7f5a0c43f,neutral
d68d87da7b,neutral
d46f9acd72,neutral
231cbd5800,neutral
11b397a3ca,neutral
886beb8aae,neutral
cf1d274111,neutral
168ceeab97,neutral
f70614e8a5,neutral
622ee0ba29,neutral
8225fc17a2,neutral
c123f197ec,neutral
4006d614d9,neutral
fa82c3881c,neutral
4e6293b2ee,neutral
4b61dffbeb,neutral
327da328ac,neutral
9adccf6bf9,neutral
a6e87cf811,neutral
bcdf349242,neutral
ebc1bb84e5,neutral
4162bf50db,neutral
229919563a,neutral
c3592fbe9d,neutral
421beb7e2b,neutral
0e9cdfd3a0,neutral
f2234c86f9,neutral
87905fdf35,neutral
03174d4f45,neutral
fd2a6eefe9,neutral
f3ca0fa4dc,neutral
d5ea260d03,neutral
8c6b228d5f,neutral
4ea61dbc7a,neutral
ad4b60b58c,neutral
7669dc1086,neutral
812e066eed,neutral
44a1d45fc3,neutral
1e89a9ac1a,neutral
266212df8b,neutral
b662a877e7,neutral
92bb2fe635,neutral
97ee3fb552,neutral
7dad90e273,neutral
28e9ac4d78,neutral
cde1e5f0f5,neutral
58d00d3ae5,neutral
d81a9658f1,neutral
39d0dd9215,neutral
2694983882,neutral
39c6602ec3,neutral
40e8058cbb,neutral
b7ac42b539,neutral
fdbb522e18,neutral
057b982878,neutral
da7fa3426e,neutral
ad34a6585f,neutral
a8b028ad93,neutral
60212f46b7,neutral
77c8d92adb,neutral
863eaa2496,neutral
5206828c1e,neutral
4ec29960a0,neutral
d8e204b2a3,neutral
95b0d4bdfa,neutral
fbbeb8413a,neutral
04d529a0ae,neutral
ceb980f2e1,neutral
abfb47f0b8,neutral
9dc15a8e95,neutral
b093e8090b,neutral
86c762889d,neutral
c92b5a0bf7,neutral
871091e0a2,neutral
fe989dbc5e,neutral
313e64dc02,neutral
33f25ebfcf,neutral
9513096e19,neutral
a617ec43e3,neutral
d46c824953,neutral
eb0ee01a1d,neutral
a4596fe6f9,neutral
5b7fa1a7e0,neutral
36df05f4b8,neutral
8d9d23964e,neutral
cb9c2090aa,neutral
584f32f710,neutral
2b52970888,neutral
187745f502,neutral
830a6e2155,neutral
af1d34a358,neutral
5ebd021c3b,neutral
75d9c8c7d5,neutral
5b6b628603,neutral
8e29aec369,neutral
d14bb55bf3,neutral
57e2ede00c,neutral
fdf80accf3,neutral
b448bff0e8,neutral
6df5a09d09,neutral
ce8490b99b,neutral
77f0ca1130,neutral
ec322adc8f,neutral
4f3b2a12ec,neutral
e3b5fc1632,neutral
b15c4f6298,neutral
db288ac882,neutral
99cc23aca9,neutral
368ed51322,neutral
d0acd356c3,neutral
7c853f1b08,neutral
80e48ff9b3,neutral
de8c4c410d,neutral
cea3c23ee5,neutral
aee35b84d6,neutral
292c670dd9,neutral
27b5344df3,neutral
e39ad1bb34,neutral
e924fb4417,neutral
4491189459,neutral
fdf30c0ef5,neutral
1d650bb586,neutral
189c34484e,neutral
35fd1938b0,neutral
6239805511,neutral
9d7ad9bae7,neutral
fe98872319,neutral
24da360bf4,neutral
12cfc10225,neutral
b0e4546251,neutral
850bbfc209,neutral
91419418bb,neutral
7fa3e5eb1a,neutral
25778e682b,neutral
21772a3cfb,neutral
fbaace1664,neutral
ae01b6389d,neutral
ba5402b5ce,neutral
3d890a18aa,neutral
6e638ba726,neutral
9a0841af8a,neutral
c2b525f0a2,neutral
50e14c0bb8,neutral
a1975f51a0,neutral
7e820f005a,neutral
e53ebf4ee2,neutral
86f00f0bc3,neutral
9b5db85d83,neutral
b6853ce619,neutral
52c7993b04,neutral
ebe781df42,neutral
6f4be24d3a,neutral
cd4b8d7a92,neutral
700c32383e,neutral
5d3ba9ced7,neutral
ec1de264af,neutral
a396c8b61a,neutral
19b8e3e862,neutral
74fa55b2ad,neutral
cc443795be,neutral
46f7846558,neutral
cf9184c380,neutral
cfb572ddcb,neutral
0736535e65,neutral
81d6211f4d,neutral
e822e3ead5,neutral
6c0ad8b352,neutral
7c7767b8fe,neutral
de45280fd0,neutral
796e15046e,neutral
bd21593428,neutral
b73671db3c,neutral
bf8ef0039c,neutral
1623f53b04,neutral
fc118f0c20,neutral
be2c597372,neutral
27692fa2a3,neutral
df409d4a7f,neutral
80c985a159,neutral
8602a4b995,neutral
2822c1210d,neutral
c70fe26447,neutral
f5af158d52,neutral
2f9eb28856,neutral
d413a83a5b,neutral
5b34c6a158,neutral
fac4f75f45,neutral
263460b27b,neutral
889cf88e54,neutral
3e5f16952a,neutral
bbf71e04d1,neutral
a1c4eb4470,neutral
34af663e50,neutral
e55ed3d632,neutral
e3d78da8b9,neutral
0c4d2b0cab,neutral
570fbfc87a,neutral
d681f0dfbc,neutral
d405cff69d,neutral
a0bb7baf1e,neutral
1cc3453619,neutral
f2262dc310,neutral
135c46a94c,neutral
ef0a7a1c39,neutral
4953e9fae4,neutral
02df85ec66,neutral
fee2de889e,neutral
0153891ff3,neutral
e2c9efe517,neutral
04b6ddc2da,neutral
366e385d04,neutral
a52a2bdd7b,neutral
3faa077424,neutral
26a9b149f4,neutral
809de300f3,neutral
aa8402bcba,neutral
698223075a,neutral
be8219e372,neutral
b92225fd95,neutral
37b9fc8ccb,neutral
78c6dea151,neutral
6b8e729a02,neutral
8445c3248d,neutral
2c28a84f1d,neutral
de81efb359,neutral
0138eb47f4,neutral
35bb52e072,neutral
4cbd2d23dc,neutral
6a258849a8,neutral
1e4bcc6393,neutral
0304b83113,neutral
5ed3190357,neutral
b7a6df7f96,neutral
c3360c6bde,neutral
7b25c09b0f,neutral
718dd7a3a8,neutral
3674a601da,neutral
b2286aea10,neutral
a6011468ec,neutral
e09aac5e8e,neutral
0759e8d514,neutral
fc34a621fe,neutral
f5dae9250d,neutral
49a3b7288b,neutral
b9c6bd594d,neutral
73d3c0dfd7,neutral
3588aac106,neutral
40b153dc2c,neutral
0f59e9ab8a,neutral
992cbe7167,neutral
2259fa1230,neutral
2d58c41e1c,neutral
a6fd9bfc16,neutral
ea2f9935d8,neutral
a282babee2,neutral
96c5b4862c,neutral
0a2d80b493,neutral
c0475430a5,neutral
2d6b3e1c79,neutral
c5bfb6b93e,neutral
b442e1cca8,neutral
f184a46ae4,neutral
bf39f4a8e8,neutral
a27a31f5b8,neutral
995ab0cd7a,neutral
b300877d30,neutral
3058a9caff,neutral
f2cc3458dc,neutral
c339569822,neutral
780c673bca,neutral
7b6a2e33b7,neutral
baec66304d,neutral
d814646d66,neutral
44a47726c8,neutral
61473e55d9,neutral
b06fd0f2ce,neutral
0765b80116,neutral
9e46e59d01,neutral
47dde4db6b,neutral
b3fff2e516,neutral
30c1729a6f,neutral
1fd6118e78,neutral
cd8a65bc07,neutral
5660901cdc,neutral
e4f6331876,neutral
8681be6bf3,neutral
be65765553,neutral
cebd231151,neutral
f9471f1c8d,neutral
6aef787d9a,neutral
04b056be83,neutral
e2fd5f4031,neutral
c2d4220b79,neutral
b0c4931574,neutral
fab73f3a9f,neutral
c3c8a94623,neutral
286c772efc,neutral
5c59ecc527,neutral
aee6e65c60,neutral
fcdbdfce85,neutral
5bb732ca71,neutral
4fbd869da4,neutral
d053fd5269,neutral
a8da7904ac,neutral
1819cd1306,neutral
2bf08a606a,neutral
7aa5241d51,neutral
5cca1a274b,neutral
bd9b81f98b,neutral
5b34b39a42,neutral
ad9d788f60,neutral
dd6ed81c68,neutral
992f2b16fb,neutral
64039ca6b4,neutral
f94213cfb8,neutral
d71ce50ae9,neutral
7e778b1d4b,neutral
4aef4d5752,neutral
877e50f89d,neutral
5634e56768,neutral
3be62b7cea,neutral
4989c9368b,neutral
e6f5e9817d,neutral
29b8101827,neutral
10e6bf5949,neutral
a5a43edfbb,neutral
434af71088,neutral
bc3d65f5b0,neutral
f7c8d62748,neutral
b6619a057b,neutral
f82b963634,neutral
b30b458b91,neutral
0531480c63,neutral
5c3e617f64,neutral
dbba05332a,neutral
ef4c6bf83e,neutral
e1859d533b,neutral
edffb44320,neutral
a41320f217,neutral
ff18e21987,neutral
e6b8d99c39,neutral
857866a830,neutral
ea816f7a95,neutral
89e955d693,neutral
89cd7f2945,neutral
7972343be5,neutral
1378525169,neutral
a8a619b1c9,neutral
fa54fc87ed,neutral
c8f996b680,neutral
c351189e45,neutral
e5d1ff80f2,neutral
a6410241b8,neutral
fafe8911b7,neutral
66340e4f32,neutral
a8d9ff4fc3,neutral
d1d317ef0e,neutral
3c25394b2a,neutral
4b36852244,neutral
bed93bf281,neutral
e158424933,neutral
06c9fdb980,neutral
e2b9a690b8,neutral
e7da99cf83,neutral
0d2d2e4e93,neutral
d06dee8ba0,neutral
3f96c39a12,neutral
a1c7e9bd8e,neutral
6d4f0bd457,neutral
df65034cd6,neutral
736c2b7a3e,neutral
795bd9474a,neutral
7e260b1f13,neutral
32b971af95,neutral
d497141ca8,neutral
fd98491967,neutral
337cc68ed8,neutral
9476187ac5,neutral
b11150c15f,neutral
d2d0eb28ef,neutral
3d623c804f,neutral
5eb0ddc2c8,neutral
f39406c4d7,neutral
8e222de315,neutral
b7d1228a69,neutral
536f585c52,neutral
623c380ff0,neutral
8ec29926f1,neutral
5515e8165b,neutral
597d868038,neutral
ff0112e0e7,neutral
b784150b7c,neutral
478c432e8b,neutral
0532fd94e7,neutral
d5ebca68b1,neutral
6ea71f26b2,neutral
9979cd9906,neutral
74552afd3c,neutral
bcf82d0251,neutral
4631068d01,neutral
535bd2fe9b,neutral
54ac8c52ba,neutral
c8ecb947ba,neutral
e2c97d579f,neutral
a4584edcda,neutral
80d44a3aa2,neutral
071268f024,neutral
7e3052803d,neutral
d92eb7fb32,neutral
df3a00aeef,neutral
f18b75e863,neutral
205e6c552b,neutral
9b638aff3f,neutral
11702807c6,neutral
f489993b5e,neutral
6b748f5a24,neutral
ea1a3840a0,neutral
1cf21feb71,neutral
0ef15a1349,neutral
8698d535f2,neutral
abb52e9f44,neutral
8c22e3882e,neutral
7c78c0083d,neutral
fe66730405,neutral
312aaf4a64,neutral
7d3f899337,neutral
ecf4acd914,neutral
d2ddee6416,neutral
bb21279826,neutral
d5ebd5f984,neutral
8a2a4790e0,neutral
07c231cf30,neutral
9861e16cc3,neutral
02f2810c41,neutral
9881d8236e,neutral
8b648c6715,neutral
857366dde2,neutral
1dc70c74c4,neutral
706c7eefc8,neutral
a946e76161,neutral
05d193f85b,neutral
d240f7c6d8,neutral
f82f2e75ab,neutral
6a820dfeec,neutral
8866882869,neutral
d901a02f33,neutral
4aec85b115,neutral
081af39ad8,neutral
80cf06888d,neutral
b8ee4aadab,neutral
fb07a65041,neutral
69a24b165f,neutral
1c9506d2dd,neutral
b512b81ff2,neutral
e77145c41c,neutral
644d75676e,neutral
1389791cd7,neutral
e26b9a8f18,neutral
c7aa444de6,neutral
c16832facb,neutral
9f1c41b48c,neutral
2724775d6b,neutral
f3cf258255,neutral
d0fa123458,neutral
879f64f30d,neutral
3e67e50d9e,neutral
fc3c764d94,neutral
0e2f13043e,neutral
d8aa90a4a5,neutral
e48b0b8a23,neutral
350a8537c3,neutral
d219b7f854,neutral
7525aecf0f,neutral
364b89fe8e,neutral
7972092a15,neutral
9d263a3553,neutral
88dc8f2531,neutral
f4a84a5db5,neutral
f47f6473e5,neutral
eccb78e4ad,neutral
87019a2683,neutral
4860f705c1,neutral
63999dcc74,neutral
71cff7e393,neutral
b61100970d,neutral
21d92d96ed,neutral
c85a555399,neutral
638cc1247f,neutral
01678b4ee2,neutral
3ee72dff08,neutral
5bf61ffc14,neutral
9adff96a3f,neutral
556d273874,neutral
10dccecb22,neutral
c148cfebc9,neutral
1843fd7f75,neutral
c26e85ab0c,neutral
ef0ca5a8e1,neutral
804efc7f73,neutral
39854df96d,neutral
368b76c534,neutral
d2c66b666d,neutral
02ea061b1d,neutral
f0c0d44fc6,neutral
f5cbc456a6,neutral
c213900189,neutral
63251448e7,neutral
94d69c0210,neutral
64d00dc138,neutral
11b830c864,neutral
3682658596,neutral
517d309888,neutral
8a88d77907,neutral
e1991653ec,neutral
7a6c1bcb7d,neutral
b76a01b1f8,neutral
affd8f8dd3,neutral
12b20a0f7b,neutral
6ce917cf73,neutral
3597914901,neutral
800700f62c,neutral
da747f6efd,neutral
81c29a90cd,neutral
f27be2e994,neutral
5bfad683d5,neutral
aadad95bae,neutral
6c0d1d0655,neutral
5af0e5787e,neutral
8ae7b5f1f0,neutral
bee3fd5dea,neutral
af45cd98f8,neutral
ee0b6f2027,neutral
715a6a8caa,neutral
06697a856c,neutral
03af086e44,neutral
562468489e,neutral
dbd9d243f6,neutral
10fbf2f691,neutral
255b9b44e2,neutral
9cf994a0c3,neutral
48037ebde3,neutral
912dc5e9cf,neutral
93cf15dcf1,neutral
562296bdb0,neutral
82112494e8,neutral
18593617d0,neutral
6107b11106,neutral
e451131bc1,neutral
b283392871,neutral
48d5705291,neutral
b1fb93dee6,neutral
b9c95f65f8,neutral
f67aae2310,neutral
0e7ed1c470,neutral
407d5138af,neutral
ebcdf07ac5,neutral
14361c7dc0,neutral
68e3f60e14,neutral
7c25a30b87,neutral
66adab7336,neutral
8671f4988e,neutral
d86c04c8b6,neutral
57dcab1a62,neutral
fa48e8734d,neutral
d129eada0e,neutral
c5a4ddbaca,neutral
504539e6ec,neutral
ab3dd6ae41,neutral
c323eae7d0,neutral
fd987ed435,neutral
b949547ec7,neutral
fa0daf343f,neutral
cf8b564f65,neutral
d0dcbd4559,neutral
e67d1e9731,neutral
2cc97395e7,neutral
f0db54f5bf,neutral
98ed3426fc,neutral
a3fb74f5dc,neutral
14d8f19c12,neutral
24f9515ff9,neutral
783557bcb7,neutral
55885b8d56,neutral
5cd4904dde,neutral
a8e02e5be4,neutral
a006859f1b,neutral
ed7436664f,neutral
1b49a6bcf1,neutral
0a512e8e0d,neutral
15188adbd3,neutral
21e7f12c06,neutral
71b8d705d9,neutral
5af1620dfb,neutral
7c8f3adcc4,neutral
fede88d585,neutral
e9a2976090,neutral
be50e38598,neutral
e9f703fbc1,neutral
e093ccf86d,neutral
7f927df185,neutral
f66bb66114,neutral
c27eef207f,neutral
8c0f27230f,neutral
a9867928fe,neutral
42e305ec17,neutral
b195dfe276,neutral
edb893a0fe,neutral
d7c15be00b,neutral
a663e7c602,neutral
9159e639ab,neutral
46ef889389,neutral
1e98701818,neutral
5db6024b06,neutral
e36af7ad9a,neutral
8dc47ce650,neutral
955c8a4461,neutral
95f51baf42,neutral
73e3150187,neutral
3f49b9bb73,neutral
eb27647ac5,neutral
00f02e92d6,neutral
f967579fdb,neutral
0af6890a93,neutral
fd8bfa5d25,neutral
68a2d75b38,neutral
121e184aee,neutral
d50d8a9afe,neutral
6ac418d516,neutral
03c7151b7c,neutral
f7b3ee41f6,neutral
9410e02ea5,neutral
cddfa54199,neutral
dd01108dba,neutral
d0d314cdd7,neutral
47c5a5fa73,neutral
7f591102bc,neutral
f150c43b3d,neutral
458213811b,neutral
32c9089fe0,neutral
c2b8836496,neutral
279376163d,neutral
6ae2e23d21,neutral
71d8145311,neutral
bd1c1bb268,neutral
1834ef3d8b,neutral
df1c3869bc,neutral
c5bb827543,neutral
f3d6df1119,neutral
6d25fd6041,neutral
f6e333c5a2,neutral
4c72374608,neutral
4245b89bb7,neutral
04e52d731e,neutral
d3cff5f3ae,neutral
d7cbf13ce9,neutral
bd045108dd,neutral
c5b7e4320f,neutral
6f71071716,neutral
023a512e52,neutral
bb6748cec0,neutral
867e2ed06d,neutral
719a7108ed,neutral
fa3fb3592f,neutral
98059dcc12,neutral
ed8bb17f21,neutral
9a7794b244,neutral
1abbb4c82f,neutral
a5318c0473,neutral
7b1ecda317,neutral
c2986901c5,neutral
f71c64a367,neutral
eee8feb6d5,neutral
a9b3ae6123,neutral
08334a566f,neutral
66081e7de2,neutral
2229f196ae,neutral
ea201d0ed1,neutral
e84601441b,neutral
f5bafd107f,neutral
1427fef123,neutral
ab936e4839,neutral
a86aefc3c2,neutral
d5a99efd16,neutral
d288b32d20,neutral
659b90e30c,neutral
fc7dfc7f34,neutral
b31a0ce70d,neutral
ab0cf4bfff,neutral
9733f971b5,neutral
c60a0e1ea5,neutral
815b3483b3,neutral
62dfbedcd9,neutral
6ab9a27c6f,neutral
03fa13d223,neutral
b0fc9f4b10,neutral
cb5e8184f5,neutral
85c1dbf1a5,neutral
1db7dadcb0,neutral
e1c0abb3f9,neutral
a2189ffeef,neutral
e28d5c1bfc,neutral
51616871a6,neutral
e61ed1b1a2,neutral
7c4d129387,neutral
3f1c5a9494,neutral
a164b4aeb4,neutral
0e3cf08948,neutral
afe22c972a,neutral
10b3055e25,neutral
f5cd39143b,neutral
e497b2a34e,neutral
2b4223134d,neutral
998ff9e04c,neutral
1bdf2da50b,neutral
783ebadc5a,neutral
5a1ea7ace5,neutral
1ce6042e00,neutral
47171c0951,neutral
31913b6f2c,neutral
ebfd63786e,neutral
f06829d59d,neutral
39d58eb661,neutral
ad21249e85,neutral
279f65d93a,neutral
1c2b43b8cf,neutral
06e0920d4f,neutral
b192905ce6,neutral
18b2bd5f0f,neutral
1a15b2f2bf,neutral
2bf1c9bf2b,neutral
9c722ef92e,neutral
0a5e46a73e,neutral
6fa830e24a,neutral
7f4ab90701,neutral
2427fdda4d,neutral
45e6e6e9a9,neutral
7b84ac125a,neutral
a8bce31401,neutral
a0c83dd3bd,neutral
ba63a9602c,neutral
3b4ce30ad8,neutral
eb70f90740,neutral
85b2dbf969,neutral
b345cd08df,neutral
77255dfc29,neutral
4ec8acff3b,neutral
5e9d943e84,neutral
14ec30ea31,neutral
6bfd4874e7,neutral
ad6c3de0ae,neutral
1a62205df0,neutral
50c1f371ce,neutral
5e4e914e8c,neutral
417aa1add9,neutral
b8fa9e7e2b,neutral
0bc8b2e1b6,neutral
843c7e7e58,neutral
aae1dd4b2f,neutral
d7a9f717e8,neutral
39ea7a78b0,neutral
35327bcf92,neutral
8263d62bf3,neutral
8cb5b2d004,neutral
fa118ed597,neutral
7dee183d6d,neutral
967f203b7c,neutral
9d76829fbb,neutral
bff1cbf608,neutral
a14955274a,neutral
b329d819dd,neutral
4f2402ff1f,neutral
aa2381ef07,neutral
b45c94b07c,neutral
b761b09fbd,neutral
49b3fd2cfb,neutral
b6129f53ba,neutral
ef22ccce07,neutral
7a2c016629,neutral
372a3b9c8a,neutral
eed9542fb9,neutral
5663be2fbc,neutral
1d05b47096,neutral
43778d1d23,neutral
8a9cc6366b,neutral
d7d5016497,neutral
4391b14eae,neutral
89ab1260ae,neutral
db8475bb3f,neutral
59eb250ded,neutral
9736b31d4c,neutral
dd42264db1,neutral
f5bfebd4a2,neutral
ff61f3369a,neutral
93755df0f2,neutral
eadba04b8a,neutral
c664dedbce,neutral
ce3201392e,neutral
5863f5f7ee,neutral
3caad6313b,neutral
fee6cd911d,neutral
eadb5f8e35,neutral
2e361ca13d,neutral
675bb05b9d,neutral
6df2b65239,neutral
f5dd093435,neutral
de1f8970e0,neutral
567b068131,neutral
5931a8cc5e,neutral
99ae8b3a99,neutral
d3e56c2541,neutral
a3603b45fb,neutral
32dc2d3da5,neutral
8387eb06e8,neutral
e99514a382,neutral
fd12abcf89,neutral
fb8c384857,neutral
5abded0676,neutral
acfbac049f,neutral
cdf2fe55f9,neutral
2cf1943063,neutral
12712103a1,neutral
b3fa6e62e2,neutral
7eabb6670c,neutral
e11c0371de,neutral
7d3ab6ab96,neutral
ad2e9f53be,neutral
19e2e43496,neutral
0e5b759999,neutral
31dabb4504,neutral
6bd9ddc994,neutral
0d84d8bf82,neutral
ada3d89b8d,neutral
2eda979411,neutral
7c36b92dfe,neutral
31fd533818,neutral
70a09e0f63,neutral
c903600ded,neutral
e0d6777df3,neutral
dc76e62898,neutral
ca3ccceff3,neutral
a91c5b33d1,neutral
0039c7e4a4,neutral
f57fc6cf5d,neutral
d8867e4d4e,neutral
a732d0a8eb,neutral
1cdb444ea5,neutral
624763df58,neutral
5a3301f306,neutral
faa345f16d,neutral
9d044f2a97,neutral
886efc32dc,neutral
7a4dab2e77,neutral
c91f01a8b3,neutral
91dea899c8,neutral
3d02a62350,neutral
01fd15c92e,neutral
206ffae0ad,neutral
07247c8d53,neutral
11d1273747,neutral
9d0a42adf4,neutral
b2423564f7,neutral
0caca06493,neutral
d6bf437268,neutral
37c62ba7ca,neutral
adf4f1ef86,neutral
5696b71af0,neutral
9a9c9817e2,neutral
2bf5c7dba7,neutral
e51c3774e1,neutral
1968e10eb5,neutral
6d5c066561,neutral
0633a06f19,neutral
080116db0a,neutral
0a6ed8c4e2,neutral
75e4e9bb68,neutral
7a8ca99324,neutral
6ed9b29ac2,neutral
6d7995cc52,neutral
74a19cd205,neutral
57f97a9ac7,neutral
afa50a2b3d,neutral
9776230555,neutral
0706981933,neutral
289c30c52f,neutral
2f17e1827b,neutral
1be99e0e71,neutral
87d5c42884,neutral
528ccda85a,neutral
8042e7ffb3,neutral
1f7b8005fd,neutral
6f150a8a03,neutral
598c09a87d,neutral
e21b33975c,neutral
1aa94554be,neutral
6d27a0de4d,neutral
7f4d346711,neutral
86e9fc24ea,neutral
f9870de79d,neutral
216a8bdc6c,neutral
2f148847c0,neutral
ca4e865b8d,neutral
ad901bf524,neutral
79bf2ad703,neutral
772aeb5f05,neutral
4bf221814c,neutral
f2954076a0,neutral
23b847869b,neutral
9c2bd778ea,neutral
722f87d325,neutral
fa75ef0af9,neutral
23f3818de2,neutral
f97d20c990,neutral
e19a478d4e,neutral
a2bc3f79a8,neutral
8cddd58701,neutral
486325d5d4,neutral
2974d2b01a,neutral
b6492bf392,neutral
b4f4e14266,neutral
2dc2b2ecaf,neutral
3e0e15133c,neutral
5bd5c7e22f,neutral
4f433bc23b,neutral
fa2057e966,neutral
e5b77c7f4f,neutral
4270c54167,neutral
001d289399,neutral
aea731ccd1,neutral
2b2160c93a,neutral
73763a0259,neutral
a90a0f5c11,neutral
25e6e5c10e,neutral
29e8b6bb7f,neutral
eaf1f96b81,neutral
c949e571d6,neutral
b12cead655,neutral
7c91441fa4,neutral
0462b79deb,neutral
f042305265,neutral
67c2fe7e7d,neutral
5f880890b6,neutral
3da13a1fb5,neutral
5534973b05,neutral
7ad6e7eb8c,neutral
8f80919e3c,neutral
58c50a1df5,neutral
d07423d091,neutral
2c221c7be6,neutral
0f586bad99,neutral
87bc414445,neutral
ec194e8885,neutral
0455e2c1e3,neutral
7420980c60,neutral
6e5ce8da91,neutral
e302ba395c,neutral
2dba74fe3c,neutral
f2eb0b5e90,neutral
98177b14ce,neutral
dd51f47b25,neutral
8b874e4da4,neutral
306d7b314b,neutral
9f54a6a14c,neutral
99e6f68a68,neutral
d435cd11df,neutral
eeab1e39da,neutral
ff6c2bc656,neutral
e04fa17673,neutral
9c5b7929af,neutral
d725ebdf7b,neutral
8630921b7f,neutral
2cda6ae11f,neutral
deb049893c,neutral
7a132e10d0,neutral
1c71a17783,neutral
ea188a7701,neutral
fa6c575056,neutral
b6b4f96816,neutral
512bc6d6de,neutral
49d67efc72,neutral
cb1b0d191d,neutral
135881f2cc,neutral
1ee11e3186,neutral
9d5407420e,neutral
c308eef604,neutral
91a28fc89c,neutral
9f81595b98,neutral
b8d97c4ac9,neutral
6349193073,neutral
6ff1f916b8,neutral
851520f2a8,neutral
a25c6ba0ea,neutral
445b836fd9,neutral
468cef572b,neutral
bb6bded93d,neutral
6c732a3102,neutral
f07cf90a98,neutral
e11f3ec1a1,neutral
527c1a9c7d,neutral
b906d9967e,neutral
d387ba5369,neutral
4c6a0e0e82,neutral
202c45ddbe,neutral
634ee9d286,neutral
66521b4652,neutral
cdd38b0dd0,neutral
1f5d180807,neutral
30a1e8c2b4,neutral
293357478c,neutral
793fae94bb,neutral
0810fd23e2,neutral
4e9f3e5a03,neutral
050721252d,neutral
28fc81d56a,neutral
2c30fbecef,neutral
581b478e95,neutral
f46a33a92c,neutral
3e3a0af796,neutral
011809f662,neutral
28dbada620,neutral
a88181a7ec,neutral
a95d5ed9d5,neutral
5b606dd2c1,neutral
19e66b7b96,neutral
85abfc1079,neutral
f2e1061044,neutral
576e582c02,neutral
392d2d7d69,neutral
970c3c3d02,neutral
6bdef079c4,neutral
093d8392dd,neutral
e8bdeeed1d,neutral
18c96b67f9,neutral
51910843dc,neutral
42c0e9568e,neutral
f925445ff0,neutral
74e3989cce,neutral
95307ec44e,neutral
4bc50ce45c,neutral
8e7c69d8da,neutral
a4f63936fb,neutral
f5435a9e89,neutral
23567ec4f4,neutral
1843f47897,neutral
68cc543468,neutral
d4f27a0788,neutral
c6d075778d,neutral
35b5a783cf,neutral
1cc2f519ce,neutral
4f26fc0981,neutral
eef36565ea,neutral
71d0a47dda,neutral
48ad683dd2,neutral
8503dfba02,neutral
0507a7a077,neutral
05d5943c37,neutral
0f191a7736,neutral
7e785e48c9,neutral
f19b2cd94a,neutral
54f1da99f5,neutral
b75505e7a6,neutral
c67abab6e5,neutral
434ad2efd0,neutral
4568211cd0,neutral
47b3f1c22d,neutral
0114e811f1,neutral
ac4aef6710,neutral
8d67a270fb,neutral
0ae6313c6a,neutral
f6030d65a4,neutral
dd4e1d09a8,neutral
4683460ce7,neutral
b4c5fc2479,neutral
195e012231,neutral
f58e1c4ff7,neutral
1b4d2454c1,neutral
cc395894cc,neutral
72c09ef13a,neutral
83f6616e1a,neutral
a7771f84b0,neutral
5e27f061b2,neutral
a544aca4f7,neutral
61e225fbd7,neutral
2f31dd75de,neutral
0c0b11818a,neutral
f079511098,neutral
868b6bd015,neutral
d8246697a4,neutral
872173e15e,neutral
fa9e1c5550,neutral
394881b7d0,neutral
f50d4718b3,neutral
63c1de94bb,neutral
a0a392fb03,neutral
92868e85ea,neutral
9e3108591c,neutral
aa9ff97231,neutral
27c3d491e3,neutral
47f459b637,neutral
8d015c2747,neutral
7d5057e6b4,neutral
6dba3a987e,neutral
4ac5fe22f7,neutral
b3829e3f62,neutral
e6f2007196,neutral
1ebeec2fbf,neutral
644b94a495,neutral
e05b470def,neutral
a0bdaf822a,neutral
0f0304d4ca,neutral
771f712a69,neutral
8a533f0857,neutral
b87da7f7e4,neutral
df811fb3ee,neutral
1a97bf0e6c,neutral
c4dde1116c,neutral
3335c809b2,neutral
2942f7e054,neutral
2141f28a57,neutral
5ea7f98140,neutral
f9f80cbb90,neutral
a72fd81a70,neutral
3f46740a01,neutral
79748c507a,neutral
b5fa3b05b0,neutral
14acb2b149,neutral
e9f20ee0a6,neutral
00ea396ca7,neutral
5310603095,neutral
2c93f937a1,neutral
2b092b0dd0,neutral
25f052b8a7,neutral
ac3504ca07,neutral
ced4773caa,neutral
68257ebec2,neutral
2f5c77dfb3,neutral
a375dccbbc,neutral
72009a4a01,neutral
e2eb7ab659,neutral
fab5ca9036,neutral
bc61c9ef5c,neutral
ab47f25d4e,neutral
a14a1c80c3,neutral
5c0f6aca04,neutral
7b08c6091a,neutral
d38318e568,neutral
8de713d4dc,neutral
9d190cc1cc,neutral
5d5926de2d,neutral
81acf6ca39,neutral
26f88e69dd,neutral
17fcf9a88f,neutral
3ff9947935,neutral
78944eda15,neutral
09eecf9508,neutral
912f5d1266,neutral
b3261627a4,neutral
d86c27f2c4,neutral
cdf0ff5923,neutral
c1f3197a61,neutral
de5773c63b,neutral
c8eea28ae3,neutral
e39f5de674,neutral
28b973d4fd,neutral
5951c6b853,neutral
ef420f43fe,neutral
a5932c1ecb,neutral
7d093817af,neutral
41d9fad711,neutral
ee1bab493a,neutral
03bab4f229,neutral
a9db495a8d,neutral
af7b55a3da,neutral
ef64a8edff,neutral
13830c9fa6,neutral
a0e9f216f2,neutral
b9128c675a,neutral
e07e4d41a3,neutral
a4107cd765,neutral
403de7b333,neutral
89b6e4feb0,neutral
c7aaa9bce7,neutral
0244bed0b7,neutral
7c9e2a1054,neutral
c504d1f526,neutral
3fb2f8bda0,neutral
ba047dae2b,neutral
be7fcd20df,neutral
83bc498ac3,neutral
ee37bea884,neutral
a4526148ac,neutral
3cc8c62e3b,neutral
627b9f89a8,neutral
585789af1f,neutral
aa8b3df96e,neutral
c6c7f21693,neutral
92ca79a285,neutral
cd1a90193c,neutral
60d6a5323c,neutral
99a6f64891,neutral
7b474abf9e,neutral
23e6a370ca,neutral
ea00ceb956,neutral
97dfbf0197,neutral
c9d567bba5,neutral
ad8d7ce222,neutral
785ba39eed,neutral
01dc133274,neutral
8bf994aa45,neutral
eca91516f5,neutral
245255b009,neutral
cbe3eb46b4,neutral
4fa93484ca,neutral
1f5110a5bc,neutral
a78b09feec,neutral
fe414f7be1,neutral
fafc26d78f,neutral
3e31964314,neutral
d67abe8c94,neutral
2660d36152,neutral
dd1b429fc1,neutral
358bd9e861,neutral
c381a70e84,neutral
2977d5122e,neutral
ce6e842b55,neutral
6c3221ae9b,neutral
87fca7f208,neutral
0be333fbc4,neutral
5c0d87f191,neutral
4d94cf4328,neutral
e57133818c,neutral
1cb2a0f0cf,neutral
5e6d3726ca,neutral
454ea2153b,neutral
077a63ee0c,neutral
6f9c83255f,neutral
48033cb072,neutral
f973d336f8,neutral
d6be2ed155,neutral
766e880a75,neutral
1e12b8b504,neutral
30d0cf4ef4,neutral
49e758d4d9,neutral
b65309d7e2,neutral
a77104e008,neutral
1f65d8982f,neutral
c127eed38b,neutral
e040d9f166,neutral
70af6b6dc1,neutral
f7d4269198,neutral
f618558e66,neutral
670b6eef13,neutral
20eb1910eb,neutral
d0cc5eab22,neutral
0414afb09b,neutral
cdb1239bd9,neutral
72fafbc5f4,neutral
ddd4dd7be4,neutral
d77e0100c8,neutral
c5db0d449c,neutral
a5cbe88f19,neutral
21c7ca7c01,neutral
fef24b7b30,neutral
03b1cac208,neutral
c0d5b45663,neutral
289317384e,neutral
79a500a152,neutral
3dbae74fcd,neutral
2945bac2be,neutral
555ec0c45e,neutral
ee53bf0e43,neutral
b7d7339670,neutral
b2c78b1572,neutral
aa4c750c17,neutral
736ac9aaeb,neutral
c6a424899a,neutral
e4b2a3349f,neutral
558aa40edb,neutral
d0802d8353,neutral
827d246ca2,neutral
dd02e1b8a8,neutral
c39091da20,neutral
3b092c1024,neutral
3e44fbf1fd,neutral
659a1db448,neutral
7592ae021a,neutral
5c08f9490f,neutral
08513f136b,neutral
f74831de61,neutral
0ec596c829,neutral
f38b1d3dff,neutral
0fd86514ce,neutral
0d671185f5,neutral
a463952ca8,neutral
bdebaf63f2,neutral
bc7fc4e62a,neutral
73e3635542,neutral
1584913060,neutral
2ffe48e341,neutral
eecefc0f09,neutral
55e507edf7,neutral
e08f8b684d,neutral
cd510913d0,neutral
77f00699ec,neutral
fc745845b8,neutral
5dbf3ceae2,neutral
301274be80,neutral
773c973fb5,neutral
f9642f01f4,neutral
d79ee48381,neutral
cc718e4767,neutral
f14f087215,neutral
db401769c1,neutral
d4b00ca8b8,neutral
72d01e41f5,neutral
22fd4c087f,neutral
2496e631d7,neutral
d16a599d1d,neutral
2c801b5366,neutral
7484e0c885,neutral
7f24d1d1ef,neutral
997a79658c,neutral
55f9d3b9cb,neutral
53f412095b,neutral
1ee8770ff5,neutral
68036f7944,neutral
921392bc2c,neutral
8d6fc46de5,neutral
49486e3b2d,neutral
ee217de560,neutral
4007cd966a,neutral
53b213be68,neutral
3ea857c19c,neutral
1b893952b5,neutral
7c939a446b,neutral
c4f4388600,neutral
8477aa5271,neutral
520d782e5e,neutral
23304e66c0,neutral
6a679e5e43,neutral
72df0ca5a2,neutral
724efd0fa8,neutral
c3badca7b7,neutral
d85cbc07f9,neutral
03e9eddd1f,neutral
11ef510744,neutral
6c2497fcfd,neutral
c9f24b4915,neutral
cf9cdcdf32,neutral
a30aefa0bb,neutral
3159e5f607,neutral
8324deb046,neutral
25efb02546,neutral
0e8c4b077a,neutral
cef540dee7,neutral
8c650fdebd,neutral
9b402bca9b,neutral
98cadf4304,neutral
0897770e1d,neutral
f49c1ebb53,neutral
98a23ebae9,neutral
f72246da6f,neutral
000f629664,neutral
05d973f42d,neutral
c78ea34157,neutral
fd46e81555,neutral
7264df2fea,neutral
f7f91671b8,neutral
0c49fad958,neutral
123fa2ef14,neutral
b001d5011c,neutral
bb30655041,neutral
78964e3a74,neutral
99f5469233,neutral
41282b63ea,neutral
401143a73a,neutral
b19b0e9a54,neutral
5d97a78333,neutral
3121e64ff3,neutral
c15fd4ed65,neutral
2b63dd7b70,neutral
0f172c8020,neutral
51892cf392,neutral
c6d9ab4ad1,neutral
4f0dba2758,neutral
a9ce0e0568,neutral
3a73e57137,neutral
1e4a3213d0,neutral
3ce7dd5ba0,neutral
025bc90d03,neutral
fbb9cc0147,neutral
b64034dd8e,neutral
0d1925608e,neutral
f20a64408f,neutral
325285b4c7,neutral
168bf74441,neutral
0c7fb6e841,neutral
c5300f81a0,neutral
95cce905ce,neutral
a6e4af800f,neutral
f98930b9f0,neutral
a5fbb6fbe8,neutral
110c205eea,neutral
05832fb2c4,neutral
beb87222f9,neutral
a03f2cc70a,neutral
c756261983,neutral
ecf25bb855,neutral
4e0b406c67,neutral
08764e843c,neutral
8e2855ef79,neutral
79de9749b1,neutral
8ec40edbdc,neutral
5bf9b58591,neutral
f4d97a5add,neutral
f5e6f22cea,neutral
7c7540691e,neutral
df8da19ddd,neutral
f7bd9f704a,neutral
3286f70986,neutral
69938f9083,neutral
df120c16ce,neutral
09b918e8aa,neutral
acbc90fc39,neutral
b28fe5e1b7,neutral
36c6258c2a,neutral
9fabe85f42,neutral
08ee68a14d,neutral
794b975d65,neutral
2caf2c54ef,neutral
9672b4ee61,neutral
5d1b7cbade,neutral
d1c4d47eaa,neutral
2fd9598912,neutral
44ae243052,neutral
165c626d41,neutral
13da499580,neutral
daa58bb5d7,neutral
fe89c3d2a5,neutral
8ddcf03dc4,neutral
8731c63d84,neutral
2d491261d3,neutral
720e0e8c12,neutral
384d65bc27,neutral
6e1e864851,neutral
2d935d638a,neutral
97586292af,neutral
3d2ace4993,neutral
0dbc7966f6,neutral
2739651ca2,neutral
e916c7a279,neutral
aa47a9bec9,neutral
ca89ab9431,neutral
16f737bd6c,neutral
31ecbecf2c,neutral
a38dea7f37,neutral
1f6b9cd4fa,neutral
85758bcac9,neutral
29cb8acb08,neutral
ed45f17f39,neutral
2396ee1b57,neutral
4e93939f99,neutral
9bd178a668,neutral
43e3eb05bf,neutral
9afdbae4f5,neutral
578ae29d92,neutral
8fb17e7f1b,neutral
ff0ec528ac,neutral
038dc1dce1,neutral
fbba87adcf,neutral
0a5b22ab96,neutral
054c11549e,neutral
d9059d72a3,neutral
ddd56a5d26,neutral
7296e88340,neutral
bda1f81554,neutral
334496ec40,neutral
4c37341135,neutral
14ecdac86a,neutral
c2ada5b889,neutral
1206faee1b,neutral
9fc03ff07c,neutral
74e9f8da6b,neutral
d03c2ba9cd,neutral
98178224f2,neutral
6e1811ea29,neutral
a342cf829b,neutral
12864e516a,neutral
b5fe8c6909,neutral
a31a621c21,neutral
a26c1b566d,neutral
b4c98aaeb1,neutral
fb95433e9c,neutral
25329e7d96,neutral
3a93f65420,neutral
ae682c333a,neutral
dd5339b91d,neutral
da83556bbe,neutral
6bc1a0f105,neutral
44c7651247,neutral
6adb010cca,neutral
24b06dee5b,neutral
33db173eb6,neutral
b6d449ddb9,neutral
32a95ba694,neutral
0cefe48978,neutral
08a28d24c9,neutral
7f63c04f61,neutral
2a86a6d18e,neutral
1784d095fb,neutral
b99310f623,neutral
77ba0fee75,neutral
a99e285cb0,neutral
a27c60ef3f,neutral
a52b69d7e1,neutral
4bc4477dbb,neutral
0b8c02f820,neutral
69438ecddc,neutral
b5d5c6caef,neutral
13bcc6a6f6,neutral
1bfbfda136,neutral
936068c18b,neutral
5c3958ef03,neutral
f09ad7baef,neutral
42bfc2c86f,neutral
e55b367b2a,neutral
bd12268d3a,neutral
765af002ce,neutral
9457c9ad0f,neutral
69b5639159,neutral
53ef446838,neutral
aa23ddd2e3,neutral
a79c7a4bd0,neutral
b524433af3,neutral
450a67347f,neutral
e91ab170ff,neutral
53524ebfd6,neutral
b1e71a76cd,neutral
d26ddd661a,neutral
4b58e4b8fc,neutral
f6a79c28cf,neutral
8ebf4419e9,neutral
5c3060444c,neutral
b43ff77e44,neutral
8f1c816b64,neutral
0c55a2ad07,neutral
ebda3686bc,neutral
4860f2e2d6,neutral
b8a9ed984f,neutral
7875afb5ab,neutral
d5b33ff5f4,neutral
6dafd692b9,neutral
62ffba26c3,neutral
f1412f1467,neutral
176a1489cf,neutral
cc4bf3a021,neutral
20ad2eca78,neutral
52ed8fbe83,neutral
8793b4ff93,neutral
4bdcab31a5,neutral
c6d257e1d0,neutral
529db00fe9,neutral
549164e932,neutral
8e382e2ee6,neutral
150a78fe40,neutral
35a66ac0ca,neutral
911777a79b,neutral
c6dc225377,neutral
eaba181d46,neutral
5b89015a47,neutral
3ad2079097,neutral
8bc35569b5,neutral
a3da084834,neutral
0253a9f628,neutral
8149539efe,neutral
74168b3eea,neutral
0a91a64e53,neutral
80b87139ea,neutral
8a60ee86bc,neutral
5a155e7fe6,neutral
17abf64739,neutral
f23e3d178c,neutral
d1d7ed938d,neutral
527bc9f3d5,neutral
9a28ff3bc4,neutral
b77b368c05,neutral
442d481d0d,neutral
64caada1fc,neutral
93d5d0038c,neutral
19fcb0890d,neutral
707d7b206e,neutral
99a0ff3bef,neutral
ba29204d45,neutral
3b2a6f537b,neutral
27346e6829,neutral
56e0767069,neutral
1427e06ca5,neutral
cca6d31a25,neutral
e2c0300846,neutral
128f3dc037,neutral
f93fdd38f0,neutral
e01f0511a0,neutral
3b0e6c2c55,neutral
60b164350c,neutral
6e43e60c2f,neutral
e323628ad7,neutral
0b847f8888,neutral
dd69cd1e12,neutral
fc76b2e016,neutral
0567d08a71,neutral
5c7180944c,neutral
828697505b,neutral
5a3ec92615,neutral
0d8328f19c,neutral
b506b2cc77,neutral
94bd67443c,neutral
bbab445a06,neutral
e683917909,neutral
d78b13add7,neutral
de544dfa17,neutral
a621de5542,neutral
c7ee0e5853,neutral
cb63947d02,neutral
02fef838dd,neutral
2d4931514e,neutral
698b6e5aef,neutral
a71d6a4734,neutral
6002527ae9,neutral
35a1325e9e,neutral
795b7b9ec3,neutral
0dffcf014e,neutral
b54cf2bb2a,neutral
d0b0559549,neutral
9520eba0f0,neutral
13fe858af2,neutral
e389e44fbb,neutral
1206c7aefb,neutral
2841bb25e1,neutral
2f9e51681e,neutral
029bfe45a8,neutral
ac58a7a9d5,neutral
19b465fa3c,neutral
38e44e0f32,neutral
ced27ecf6c,neutral
7e89a30098,neutral
7a8d534640,neutral
5370c9a541,neutral
a40c7a29a0,neutral
a89e10a3b5,neutral
bfcd1a6fd4,neutral
750af2238c,neutral
6089840781,neutral
a39a139223,neutral
881aeb2f99,neutral
7c59eb38ea,neutral
650a7ee05c,neutral
d93afa85cf,neutral
d265b4b26c,neutral
7af995a949,neutral
cfbb61c4de,neutral
a0577b9f07,neutral
6a72935099,neutral
f8a03c9d2c,neutral
6d514da7d2,neutral
0da839bf7c,neutral
e35c435265,neutral
909e655fb6,neutral
2a9009ce2f,neutral
b1f009907a,neutral
2447edb432,neutral
62e611a13b,neutral
1ca0e4e012,neutral
d663086e9e,neutral
e9e8db078b,neutral
4e5ea1304c,neutral
75818c1f34,neutral
deac72e865,neutral
1c04467b15,neutral
ff2704a5fa,neutral
24d37f9ba7,neutral
1f39951266,neutral
973aaf622e,neutral
94907bfb23,neutral
3977998aa5,neutral
a7359fdab1,neutral
d852bd1a2f,neutral
44087babad,neutral
1264d0775c,neutral
dc30185d43,neutral
eff3042c00,neutral
bfc65afb8b,neutral
256c22835a,neutral
b4c0bf1bbd,neutral
54a27df4e6,neutral
1a90989cc0,neutral
36ff6aaafd,neutral
c399097cad,neutral
10e12d7fd4,neutral
8ad203fa42,neutral
bb06258b30,neutral
e654323097,neutral
9c9f724923,neutral
1fcf0b3693,neutral
6f7bd6dbbc,neutral
136ccb49bf,neutral
09a68b835c,neutral
d7ca81be0a,neutral
798a6382f1,neutral
9954cca530,neutral
9c8181d566,neutral
0c9b53540a,neutral
c2f0b7e86d,neutral
4d252432cc,neutral
300ee64c61,neutral
f2f0938e4c,neutral
555b90a504,neutral
a8d4f8e4cd,neutral
f72cb7c076,neutral
b1600b9554,neutral
77a409775e,neutral
8994865218,neutral
640701ecb0,neutral
5a9100dc51,neutral
d98d7164a6,neutral
a929174cdf,neutral
19b7fd49bd,neutral
77b846466c,neutral
843f1f72c9,neutral
842cdedfa9,neutral
04bcfe8493,neutral
2209fb4785,neutral
983945662b,neutral
2d94c993c9,neutral
90c864a210,neutral
224a0484d6,neutral
11f48ef97d,neutral
95de9ead06,neutral
1327d62294,neutral
1a447d48e7,neutral
cba675bd52,neutral
b306fd90d5,neutral
b7f5f60087,neutral
7f029099aa,neutral
c1261792f8,neutral
84724bdeec,neutral
02cfbffb94,neutral
ca44ccebe4,neutral
3254ce8282,neutral
eb6b10b090,neutral
a86e19fcdc,neutral
28109530b2,neutral
7dcf8bef3a,neutral
716bbb29cd,neutral
834a862a0c,neutral
a838d1a793,neutral
a245af8041,neutral
4ff027de24,neutral
168e4275d9,neutral
cc22eca4c5,neutral
5e447212d2,neutral
098e49bc18,neutral
e89db87d99,neutral
31dbee3a36,neutral
16e5644603,neutral
d4d73f8bff,neutral
cc2704e050,neutral
f6de3a1120,neutral
18699f7f9b,neutral
c2df75904a,neutral
f09816a243,neutral
0afb0b5fff,neutral
c2b3f9d6cf,neutral
7c88b11bd8,neutral
5c9d292a34,neutral
51fe547d97,neutral
4c9108bdbe,neutral
bc8e9160c4,neutral
3bdbba0d6d,neutral
f3fe64fcd1,neutral
c8bbba1ccc,neutral
01408c29ba,neutral
bffa3ddd61,neutral
5e407e618c,neutral
58c1e7aae3,neutral
0d663acecc,neutral
9b81e91703,neutral
ff49f30eb5,neutral
ba9eb6a4f4,neutral
7ed0815858,neutral
795de6c2f5,neutral
abcb83a4c1,neutral
bdee06c65d,neutral
69c69a7266,neutral
f9a3783c52,neutral
6bcc426fd4,neutral
5a1fb678df,neutral
c601e8c2d3,neutral
762b9211cf,neutral
73d64acc7e,neutral
f2298f5abb,neutral
a752c288cc,neutral
11c10e3fc5,neutral
d2196f1f2d,neutral
6bebb81892,neutral
de55c91013,neutral
722ca3ecbb,neutral
c4bb3dea6a,neutral
f5d5719228,neutral
faaf5f743d,neutral
171b4de425,neutral
1ddcf18209,neutral
23c1478113,neutral
350c36af4e,neutral
7e9dc861a0,neutral
ccc4b470d8,neutral
e1ba81c864,neutral
34a6d1804f,neutral
699413f564,neutral
3e90b21788,neutral
686bde1e35,neutral
5c1e9ac72e,neutral
bfddf4f6a2,neutral
9fa2760f32,neutral
768801365c,neutral
5b00ea0cc0,neutral
1149e3a28d,neutral
5d56612b5e,neutral
d3d5803902,neutral
571e371e9c,neutral
c49071c955,neutral
2fd6e880d5,neutral
33cb8c2f5f,neutral
3223cac096,neutral
400b409439,neutral
4942768819,neutral
f85be565cb,neutral
55a394aa00,neutral
ff6d7db82a,neutral
587e7a8b47,neutral
bf3a55b8e5,neutral
ba33e6afea,neutral
d83a9addd3,neutral
5e12958a9b,neutral
e92a3495d6,neutral
528ee63138,neutral
5fdef7c874,neutral
9ca3b4e1c0,neutral
3f1df1dbcf,neutral
71e3f23eee,neutral
de79cc363c,neutral
eefa8a0400,neutral
0e1dbb950b,neutral
2535aa208d,neutral
f0d9991831,neutral
d95ff811cd,neutral
6721e006ff,neutral
10da9cdaaa,neutral
dce2443f32,neutral
e1f214c374,neutral
83ff548fd7,neutral
0766c46c10,neutral
7d7b41c60e,neutral
4cfb203834,neutral
f8b923bf44,neutral
fbf5fbf656,neutral
487622c4ec,neutral
6d14b3f8f5,neutral
7c08c38000,neutral
49f53f5193,neutral
8d4272e7f3,neutral
f4d9f0ec9c,neutral
d57f0c90dd,neutral
38fe6daabc,neutral
3b7a3199db,neutral
b9275fe93e,neutral
1f40da44dc,neutral
5f5c162951,neutral
1800b2f4b8,neutral
24d79167f7,neutral
08486ab919,neutral
5a6a55d5db,neutral
b8876dfa3e,neutral
55c8976ea9,neutral
23af71b75e,neutral
1bfce339c6,neutral
ffb389a42b,neutral
172de1a54a,neutral
e1268ad6a9,neutral
48377c4bef,neutral
a74020d356,neutral
44e014008b,neutral
51ba52288a,neutral
623458b985,neutral
7d81397f97,neutral
9be8bac148,neutral
e97f80bffd,neutral
f10e631e2d,neutral
421944b580,neutral
8a21403435,neutral
29edd20cfc,neutral
70321e5aac,neutral
fd0a96e573,neutral
683d167ae5,neutral
d7557e3f2a,neutral
277e9491c5,neutral
74f9de64b1,neutral
024563776a,neutral
2edfeca43b,neutral
66ed8370d0,neutral
d5641944de,neutral
09ceb49173,neutral
f023803c3e,neutral
8b98227591,neutral
998dde662b,neutral
24220bd19c,neutral
9f292fb9b4,neutral
086a1d96ed,neutral
8607d4de1a,neutral
f5e9c40e2c,neutral
3da251fc87,neutral
64e61bb5ba,neutral
53e2062566,neutral
3d9bc6b4da,neutral
2b844ea2f4,neutral
a068b95bd9,neutral
22a795f188,neutral
3e8c2cef56,neutral
ab39587efb,neutral
db029574b8,neutral
7b58377103,neutral
e952febbbe,neutral
0852733366,neutral
008c725d0d,neutral
10030773a0,neutral
cc0c768721,neutral
e586cda4d8,neutral
e9fdfb3211,neutral
eeceb988d6,neutral
78864e96c0,neutral
2a19100ada,neutral
fc61517442,neutral
cae8182ef8,neutral
27f2eba598,neutral
d3421437b2,neutral
270aa8873d,neutral
601c948e54,neutral
8911f77bb8,neutral
c7d5ed4542,neutral
0c652afe64,neutral
43a0aad9f3,neutral
cfe3ce1a0b,neutral
5005a4b56b,neutral
c91e758d31,neutral
7c26a466b6,neutral
672b861395,neutral
f9af6df98e,neutral
dc72c91fa5,neutral
92cd56b103,neutral
e14df90efb,neutral
cf9ad4a6d7,neutral
887ec35b43,neutral
40031960a7,neutral
aaccbfe221,neutral
bfb9ab3737,neutral
a41b4ae0e7,neutral
9e7e3d0a5b,neutral
3d3f95b048,neutral
5dc1d78656,neutral
2a565ec554,neutral
60aada6ba3,neutral
30e84b01a0,neutral
30e7601bce,neutral
78fad5b5b0,neutral
07d17131b1,neutral
3a70785fec,neutral
cfff74d6a3,neutral
7c40b42c62,neutral
b688241557,neutral
f284612489,neutral
5e703835c2,neutral
09cac4f4cb,neutral
283a8993a6,neutral
176e5e5aea,neutral
4c822b82fb,neutral
a05c646bc1,neutral
b094214bd0,neutral
39c477c98e,neutral
78bfe50327,neutral
9c4cd1e436,neutral
795d2ec684,neutral
78e0057a31,neutral
a05b20af47,neutral
f15b9929d6,neutral
57721b67b0,neutral
2ddda5cb20,neutral
a2fb6bdb96,neutral
1b964555f4,neutral
bb73d74fe9,neutral
6819873075,neutral
ea1073bd4e,neutral
528c690acd,neutral
5c4d6763ef,neutral
ed9674d53d,neutral
fc0291bc62,neutral
8a582077b8,neutral
d5129ddff9,neutral
18d3109614,neutral
3bfc997081,neutral
deb1798a0a,neutral
8075799275,neutral
b8a74f424b,neutral
200a6a20e1,neutral
f525ee705b,neutral
9c4cb77ab8,neutral
323aad8e73,neutral
3e73b119d8,neutral
01f3b75b69,neutral
3a716b7e49,neutral
5dd521a5d8,neutral
a24a95ffed,neutral
3c6d0e8b6a,neutral
20f31539f4,neutral
a0414ae0e5,neutral
1503318633,neutral
db306eddc4,neutral
2c570c2fb3,neutral
0565af554d,neutral
0783390c8c,neutral
00248197c5,neutral
d611e1de10,neutral
04e63e480d,neutral
e5d82ac202,neutral
03fde76ca1,neutral
fe6301dd3a,neutral
9d35babf8a,neutral
650767b90f,neutral
68df9d2478,neutral
b565d92d2c,neutral
7c6d4f8a3a,neutral
44e6dbd2ce,neutral
91b14afafd,neutral
7a659d6f9c,neutral
2b12e30b49,neutral
63975d7559,neutral
5178ae8052,neutral
894740e279,neutral
14fe6188f0,neutral
b58a92fe10,neutral
65a6dfa4e4,neutral
886e67eee9,neutral
04bbce0abc,neutral
d34968a348,neutral
595b764513,neutral
7ea3de2b8f,neutral
1c279637ef,neutral
8fad6df5db,neutral
148853c4d0,neutral
4b90e7fb69,neutral
e4944a82ed,neutral
2463ad77e1,neutral
04d47599ad,neutral
8e6b7e6a01,neutral
c01b398556,neutral
d55d1de4e0,neutral
983fd7ffdc,neutral
7c9df630ad,neutral
34022c6e5f,neutral
95f88bb707,neutral
812829bbb2,neutral
3cbd7d0dd0,neutral
98ff5a440e,neutral
b3a07eb482,neutral
d70a4f91db,neutral
0bb63d09a5,neutral
b65fff362b,neutral
cd99aec1e1,neutral
cb58dffb3d,neutral
505b9964bd,neutral
02d37daec5,neutral
a646023619,neutral
216e541532,neutral
de24cf3a67,neutral
431ac1c6cd,neutral
e70cd5baab,neutral
3f5433f8a0,neutral
c76ef2a7e5,neutral
4dafa796c5,neutral
15a028bd00,neutral
da9e7cabbc,neutral
de241b8d04,neutral
14c67c535b,neutral
ba4854e88c,neutral
0e2ad201ce,neutral
1e7b0c1a1b,neutral
1211a1d91f,neutral
3bcc9762c5,neutral
f3ed4162b7,neutral
032e865dc7,neutral
cf240ef11f,neutral
1bf63f87e7,neutral
adb7ab12f3,neutral
ba80e8f8ec,neutral
61b52fa68c,neutral
092f5873c0,neutral
e9e535e13b,neutral
6e3eca51b2,neutral
59e971682c,neutral
30e944805f,neutral
247091d3d7,neutral
3daf69accb,neutral
c2c64bddac,neutral
59f71ab95c,neutral
98b7454eb3,neutral
7b153dd5d7,neutral
e1966420eb,neutral
42475c6f02,neutral
33b882a78f,neutral
375b64de34,neutral
7192534747,neutral
9ac84d82e2,neutral
de03f3c2e2,neutral
b04bbb81c9,neutral
ca5be5da8b,neutral
abe70f648c,neutral
7be17ce45f,neutral
f51e6e361e,neutral
28e5cd7e7e,neutral
f8539750b8,neutral
aad49b007b,neutral
1f6f2bec76,neutral
ba9467d823,neutral
4ba5995598,neutral
62bf1999ab,neutral
9704a523af,neutral
6601679901,neutral
35e2ce08fc,neutral
56b9191817,neutral
b1dd0880a8,neutral
e8ffe60ca2,neutral
8363ae25ca,neutral
97f08b57e1,neutral
adc4306cdb,neutral
8c165956ef,neutral
01531ef92b,neutral
44a3a1b83b,neutral
c736b32428,neutral
6e88d0b660,neutral
bff3d9b8f0,neutral
ee0d5790a6,neutral
074d3c7768,neutral
bfb746be3e,neutral
ad87930178,neutral
9485357290,neutral
0cdfa00a5a,neutral
a6e318ec0d,neutral
2469ef546d,neutral
feec8aa27b,neutral
dadd9231b5,neutral
8962a31bde,neutral
90f3d2b572,neutral
1f723aaa9f,neutral
4d771b1c6c,neutral
22a87f2ca8,neutral
57510fa13f,neutral
ae9dd31756,neutral
564abc387f,neutral
4828f724e8,neutral
7e5b8f0e67,neutral
8d02834ae5,neutral
5036147803,neutral
025e320308,neutral
8447a5d54f,neutral
aa1c6537f7,neutral
bda2ce839a,neutral
2ab3eaaa46,neutral
1ca92c5dea,neutral
d7da93248c,neutral
653104654e,neutral
c0ce3aaf89,neutral
5e3518ab07,neutral
fac9090806,neutral
5c8339ce76,neutral
05bf47e142,neutral
10c23a0f46,neutral
a8b2b7feee,neutral
57ee2b83db,neutral
010f0d489a,neutral
bb2aa8156f,neutral
f2810a559c,neutral
13e57846a6,neutral
95a71a0799,neutral
2b4185c7cc,neutral
3db09b9c24,neutral
20368bbb0c,neutral
c994907abb,neutral
a484446fa8,neutral
baa0a17c15,neutral
52ca74468a,neutral
318a0357db,neutral
46d631c295,neutral
f3e5658161,neutral
e2b643dd95,neutral
b68e793f47,neutral
e68742dc7f,neutral
4ff8b3efb4,neutral
52fa3df35b,neutral
9635978e94,neutral
ab2c0d3294,neutral
090997a993,neutral
fc53ee0408,neutral
37fa1cef8f,neutral
b08964cf19,neutral
baa33af290,neutral
ca7818818f,neutral
c9aadfab6b,neutral
c6c95e927d,neutral
a3ab91fe4e,neutral
095bbadf62,neutral
15c9e14862,neutral
08ed671f9f,neutral
85023b760b,neutral
b94c617c08,neutral
4253283c75,neutral
3a9280227d,neutral
7f1f6cb007,neutral
b1dbed61d8,neutral
afa0a630c4,neutral
e458e70097,neutral
06d2f79c2a,neutral
e5cf6ef2b5,neutral
9c89836823,neutral
c81f565d27,neutral
c57873a1b0,neutral
35077e3bfc,neutral
b06ffbc598,neutral
336d79d2d0,neutral
1414efeca4,neutral
713242726f,neutral
95d0ad2e17,neutral
e5f20382af,neutral
511521855b,neutral
4dd72d3713,neutral
22a8a4639e,neutral
0d7d9bc394,neutral
3848e03ac5,neutral
d5233b3fc4,neutral
a25ccacef6,neutral
0f85b260b4,neutral
d30d2b9e01,neutral
fb61226c5e,neutral
7c099b8f76,neutral
bad43ec3f4,neutral
d3faf04396,neutral
e4e4b4662c,neutral
119bbd840c,neutral
8e79befc22,neutral
d29aacc63f,neutral
5187b0c54e,neutral
14d71b9665,neutral
2ed4a4d1c2,neutral
11172b19df,neutral
b7c1f7dac2,neutral
6d09c8576b,neutral
3e56c631c0,neutral
a54b603ac4,neutral
02aacdcb65,neutral
d1bfbef7f2,neutral
e86275435d,neutral
aaee08f683,neutral
7719118f71,neutral
f0ef2e142d,neutral
677a1e2692,neutral
937a0e0cfa,neutral
2426b87d1a,neutral
ad9ed9c5e9,neutral
4e2b8aa814,neutral
1307cc3ab9,neutral
0d6f4d55af,neutral
b35f6a7408,neutral
9f0e28a438,neutral
6e44cb034a,neutral
9ef7c50e83,neutral
bd6b984f76,neutral
592bff4a07,neutral
a67d82b862,neutral
b83cfda047,neutral
4c9c34d336,neutral
f46c7b4865,neutral
4769d6feb4,neutral
7c3c9b0009,neutral
f178273088,neutral
e79c136fcb,neutral
3627f662b9,neutral
79337a7309,neutral
2fc866059e,neutral
39168d7e12,neutral
b69495190a,neutral
9fce0ac9cf,neutral
df783bff1f,neutral
bcbff1c073,neutral
a5393bcaec,neutral
60d0bb5840,neutral
5e0a8390d1,neutral
e302d9c2ac,neutral
c757d2ef17,neutral
531fe402e7,neutral
a907e85507,neutral
8893a30da7,neutral
0bd03a386c,neutral
d5d8969cec,neutral
56b6fd6b1a,neutral
f9e3ad266c,neutral
2e3afc2394,neutral
32d3c38b8e,neutral
a0216fc825,neutral
5b841b5af1,neutral
f9950b5b6b,neutral
0d9de8b085,neutral
e2f0cd4a0e,neutral
9033b9a61a,neutral
72f03c778c,neutral
98030f65f7,neutral
7f4c0feb6f,neutral
a343a74b07,neutral
170874d02b,neutral
9b5acf25d6,neutral
126fe57139,neutral
2302dea5a0,neutral
57eb23af61,neutral
dd763b50ae,neutral
9ae5678122,neutral
a30ac6968d,neutral
67aa37e0aa,neutral
78458c5a51,neutral
2a7f29502f,neutral
568a49ab00,neutral
45d99f1c41,neutral
80a97f2da4,neutral
b63ed6da62,neutral
59d23b3db7,neutral
0fcb7c107c,neutral
755b099d60,neutral
6416bec5a1,neutral
a7926a8506,neutral
f1249e2218,neutral
a14c57c2aa,neutral
c94e19633a,neutral
fe1b3235db,neutral
69b587d70a,neutral
e1253c578b,neutral
d32d55433a,neutral
beec54f5a1,neutral
584ed4d88e,neutral
a329b14fec,neutral
247e9c28a5,neutral
d290b62835,neutral
7c2724ae24,neutral
118850b843,neutral
47dc43ade2,neutral
954c2fd36e,neutral
93b0bf18ce,neutral
029bb4b8c1,neutral
2823b638c9,neutral
b6c0001c04,neutral
43afc1a3c9,neutral
a472edc463,neutral
d434354e51,neutral
ab0de04793,neutral
46104a21de,neutral
cfab7a12da,neutral
3fb8232118,neutral
0c76360da8,neutral
f28b43561c,neutral
e61d64740e,neutral
6b51e69aa9,neutral
